nomeDeputado;legislatura;qtd_orgaos
AJ Albuquerque;L56;21
AJ Albuquerque;L57;25
ALOISIO SANTOS;L51;17
Abel Mesquita Jr.;L55;24
Abelardo Camarinha;L53;13
Abelardo Camarinha;L54;15
Abelardo Lupion;L51;16
Abelardo Lupion;L52;22
Abelardo Lupion;L53;21
Abelardo Lupion;L54;18
Abilio Brunini;L57;28
Abou Anni;L56;16
Abílio Santana;L56;11
Acelino Popó;L54;25
Acácio Favacho;L56;22
Acácio Favacho;L57;15
Acélio Casagrande;L53;9
Adail Carneiro;L55;40
Adail Filho;L57;11
Adalberto Cavalcanti;L55;14
Adauto Pereira;L51;18
Adauto Pereira;L52;3
Adelmo Carneiro Leão;L55;55
Adelor Vieira;L52;14
Adelson Barreto;L55;19
Adelson Ribeiro;L51;2
Ademir Camilo;L52;14
Ademir Camilo;L53;19
Ademir Camilo;L54;30
Ademir Camilo;L55;18
Ademir Lucas;L51;11
Adilson Barroso;L57;15
Adilton Sachetti;L55;27
Adolfo Marinho;L51;29
Adolfo Viana;L56;25
Adolfo Viana;L57;4
Adrian;L54;31
Adriana Ventura;L56;46
Adriana Ventura;L57;36
Adriano do Baldy;L56;21
Adriano do Baldy;L57;10
Adão Pretto;L51;27
Adão Pretto;L52;12
Adão Pretto;L53;11
Adérmis Marini;L55;6
Aelton Freitas;L53;19
Aelton Freitas;L54;20
Aelton Freitas;L55;33
Aelton Freitas;L56;10
Affonso Camargo;L51;22
Affonso Camargo;L52;18
Affonso Camargo;L53;13
Afonso Florence;L54;15
Afonso Florence;L55;26
Afonso Florence;L56;19
Afonso Hamm;L52;8
Afonso Hamm;L53;22
Afonso Hamm;L54;23
Afonso Hamm;L55;34
Afonso Hamm;L56;20
Afonso Hamm;L57;24
Afonso Motta;L55;31
Afonso Motta;L56;31
Afonso Motta;L57;14
Agnaldo Muniz;L51;27
Agnaldo Muniz;L52;27
Agnelo Queiroz;L51;45
Agnelo Queiroz;L52;1
Aguinaldo Ribeiro;L54;12
Aguinaldo Ribeiro;L55;12
Aguinaldo Ribeiro;L56;14
Aguinaldo Ribeiro;L57;13
Airton Cascavel;L51;32
Airton Dipp;L51;28
Airton Faleiro;L56;27
Airton Faleiro;L57;23
Airton Roveda;L51;15
Airton Roveda;L52;7
Airton Roveda;L53;8
Akira Otsubo;L54;15
Alan Rick;L55;26
Alan Rick;L56;16
Albano Franco;L53;14
Alberto Filho;L54;22
Alberto Filho;L55;29
Alberto Fraga;L51;41
Alberto Fraga;L52;33
Alberto Fraga;L53;6
Alberto Fraga;L55;40
Alberto Fraga;L57;14
Alberto Goldman;L51;28
Alberto Goldman;L52;24
Alberto Mourão;L51;14
Alberto Mourão;L54;11
Alberto Mourão;L57;15
Alberto Silva;L53;3
Albuquerque;L57;24
Albérico Cordeiro;L51;10
Albérico Filho;L51;20
Albérico Filho;L52;15
Albérico Filho;L53;2
Alceni Guerra;L53;18
Alceste Almeida;L51;27
Alceste Almeida;L52;22
Alceu Collares;L51;17
Alceu Collares;L52;30
Alceu Moreira;L54;31
Alceu Moreira;L55;41
Alceu Moreira;L56;19
Alceu Moreira;L57;17
Alcides Rodrigues;L56;25
Alcione Athayde;L51;30
Aldir Cabral;L51;24
Aldir Cabral;L52;8
Aldo Arantes;L51;8
Aldo Rebelo;L51;18
Aldo Rebelo;L52;4
Aldo Rebelo;L53;10
Aldo Rebelo;L54;3
Alencar Santana;L56;27
Alencar Santana;L57;32
Alessandro Molon;L54;53
Alessandro Molon;L55;44
Alessandro Molon;L56;18
Alessandro Sabino;L53;2
Alex Canziani;L51;28
Alex Canziani;L52;34
Alex Canziani;L53;26
Alex Canziani;L54;30
Alex Canziani;L55;14
Alex Manente;L55;34
Alex Manente;L56;27
Alex Manente;L57;17
Alex Santana;L56;18
Alex Santana;L57;8
Alexandre Baldy;L55;44
Alexandre Cardoso;L51;17
Alexandre Cardoso;L52;25
Alexandre Cardoso;L53;2
Alexandre Cardoso;L54;4
Alexandre Figueiredo;L56;3
Alexandre Frota;L56;27
Alexandre Guimarães;L57;14
Alexandre Leite;L54;40
Alexandre Leite;L55;27
Alexandre Leite;L56;37
Alexandre Leite;L57;10
Alexandre Lindenmeyer;L57;40
Alexandre Maia;L52;4
Alexandre Padilha;L56;42
Alexandre Roso;L54;32
Alexandre Santos;L51;26
Alexandre Santos;L52;29
Alexandre Santos;L53;26
Alexandre Santos;L54;18
Alexandre Serfiotis;L55;33
Alexandre Serfiotis;L56;15
Alexandre Silveira;L52;1
Alexandre Silveira;L53;33
Alexandre Toledo;L54;12
Alexandre Valle;L55;42
Alexis Fonteyne;L56;39
Alfredinho;L57;15
Alfredo Gaspar;L57;29
Alfredo Kaefer;L53;31
Alfredo Kaefer;L54;29
Alfredo Kaefer;L55;51
Alfredo Nascimento;L55;7
Alfredo Sirkis;L54;24
Alice Portugal;L52;39
Alice Portugal;L53;25
Alice Portugal;L54;26
Alice Portugal;L55;37
Alice Portugal;L56;42
Alice Portugal;L57;32
Aliel Machado;L55;34
Aliel Machado;L56;27
Aliel Machado;L57;14
Aline Corrêa;L53;20
Aline Corrêa;L54;37
Aline Gurgel;L56;29
Aline Gurgel;L57;2
Aline Sleutjes;L56;22
Aline Sleutjes;L57;1
Allan Garcês;L57;22
Almeida Lima;L54;12
Almeida de Jesus;L51;30
Almeida de Jesus;L52;25
Almerinda de Carvalho;L51;34
Almerinda de Carvalho;L52;40
Almir Moura;L52;32
Aloizio Mercadante;L51;29
Aloysio Nunes Ferreira;L51;16
Aloysio Nunes Ferreira;L52;17
Altineu Côrtes;L55;49
Altineu Côrtes;L56;14
Altineu Côrtes;L57;2
Aluisio Mendes;L55;37
Aluisio Mendes;L56;41
Aluisio Mendes;L57;12
Alvaro Gaudencio Neto;L51;1
Alê Silva;L56;32
Amador Tut;L52;7
Amanda Gentil;L57;28
Amaro Neto;L56;19
Amaro Neto;L57;10
Amauri Gasques;L52;20
Amauri Teixeira;L54;53
Amir Lando;L54;7
Amom Mandel;L57;29
Amália Barros;L57;11
Ana Alencar;L52;15
Ana Arraes;L53;12
Ana Arraes;L54;1
Ana Catarina;L51;18
Ana Corso;L51;9
Ana Guerra;L52;10
Ana Paula Leão;L57;31
Ana Paula Lima;L57;32
Ana Perugini;L55;29
Ana Perugini;L56;1
Ana Pimentel;L57;18
Anderson Adauto;L52;3
Anderson Ferreira;L54;22
Anderson Ferreira;L55;10
Andre Moura;L54;57
Andre Moura;L55;72
Andre Vargas;L53;28
Andre Vargas;L54;13
Andreia Siqueira;L57;18
Andreia Zito;L53;34
Andreia Zito;L54;34
Andreia Zito;L55;1
Andreia Zito;L56;2
Andres Sanchez;L55;21
André Abdon;L55;25
André Abdon;L56;13
André Abdon;L57;3
André Amaral;L55;30
André Benassi;L51;22
André Costa;L52;9
André Dias;L54;7
André Fernandes;L57;21
André Ferreira;L56;15
André Ferreira;L57;12
André Figueiredo;L52;19
André Figueiredo;L54;39
André Figueiredo;L55;45
André Figueiredo;L56;36
André Figueiredo;L57;28
André Fufuca;L55;26
André Fufuca;L56;18
André Fufuca;L57;3
André Janones;L56;23
André Janones;L57;7
André Luiz;L52;16
André Zacharow;L52;28
André Zacharow;L53;9
André Zacharow;L54;20
André de Paula;L51;6
André de Paula;L52;21
André de Paula;L53;13
André de Paula;L54;3
André de Paula;L55;13
André de Paula;L56;14
Angela Albino;L55;20
Angela Amin;L53;23
Angela Amin;L56;50
Angela Amin;L57;1
Angela Guadagnin;L51;25
Angela Guadagnin;L52;19
Angela Portela;L53;20
Angelim;L55;36
Angelo Vanhoni;L53;14
Angelo Vanhoni;L54;13
Anivaldo Vale;L51;44
Anivaldo Vale;L52;28
Ann Pontes;L52;37
Anselmo de Jesus;L52;17
Anselmo de Jesus;L53;18
Anselmo de Jesus;L54;10
Antenor Naspolini;L52;8
Anthony Garotinho;L54;34
Antonio Andrade;L57;10
Antonio Balhmann;L54;23
Antonio Balhmann;L55;13
Antonio Brito;L54;34
Antonio Brito;L55;35
Antonio Brito;L56;24
Antonio Brito;L57;12
Antonio Bulhões;L53;15
Antonio Bulhões;L54;21
Antonio Bulhões;L55;38
Antonio Cambraia;L51;27
Antonio Cambraia;L52;21
Antonio Carlos Biscaia;L51;15
Antonio Carlos Biscaia;L52;35
Antonio Carlos Biscaia;L53;27
Antonio Carlos Chamariz;L53;13
Antonio Carlos Magalhães Neto;L52;19
Antonio Carlos Magalhães Neto;L53;13
Antonio Carlos Magalhães Neto;L54;16
Antonio Carlos Mendes Thame;L51;7
Antonio Carlos Mendes Thame;L52;42
Antonio Carlos Mendes Thame;L53;35
Antonio Carlos Mendes Thame;L54;33
Antonio Carlos Mendes Thame;L55;65
Antonio Carlos Pannunzio;L51;20
Antonio Carlos Pannunzio;L52;36
Antonio Carlos Pannunzio;L53;12
Antonio Carlos Rodrigues;L57;19
Antonio Cruz;L51;7
Antonio Cruz;L52;15
Antonio Cruz;L53;12
Antonio Feijão;L51;32
Antonio Feijão;L53;7
Antonio Imbassahy;L54;27
Antonio Imbassahy;L55;11
Antonio Joaquim;L51;23
Antonio Joaquim;L52;26
Antonio José Medeiros;L53;5
Antonio Kandir;L51;15
Antonio Nogueira;L52;11
Antonio Palocci;L51;12
Antonio Palocci;L53;21
Antônia Lúcia;L54;43
Antônia Lúcia;L57;25
Antônio Andrade;L53;27
Antônio Andrade;L54;10
Antônio Carlos Konder Reis;L51;17
Antônio Doido;L57;8
Antônio Geraldo;L51;12
Antônio Jorge;L51;33
Antônio José Mota;L51;6
Antônio Jácome;L55;31
Antônio Roberto;L53;24
Antônio Roberto;L54;22
Antônio Roberto;L55;1
Antônio Roberto;L56;1
Antônio do Valle;L51;24
Any Ortiz;L57;30
Aníbal Gomes;L51;19
Aníbal Gomes;L52;29
Aníbal Gomes;L53;10
Aníbal Gomes;L54;12
Aníbal Gomes;L55;10
Aníbal Gomes;L56;9
Aracely de Paula;L51;23
Aracely de Paula;L52;10
Aracely de Paula;L53;9
Aracely de Paula;L54;11
Ariosto Holanda;L51;2
Ariosto Holanda;L52;20
Ariosto Holanda;L53;12
Ariosto Holanda;L54;22
Ariosto Holanda;L55;11
Ariston Andrade;L51;11
Arlindo Chinaglia;L51;31
Arlindo Chinaglia;L52;15
Arlindo Chinaglia;L53;11
Arlindo Chinaglia;L54;14
Arlindo Chinaglia;L55;24
Arlindo Chinaglia;L56;23
Arlindo Chinaglia;L57;12
Armando Abílio;L51;28
Armando Abílio;L52;2
Armando Abílio;L53;12
Armando Abílio;L54;1
Armando Monteiro;L51;24
Armando Monteiro;L52;16
Armando Monteiro;L53;18
Armando Vergílio;L54;23
Arnaldo Faria de Sá;L51;32
Arnaldo Faria de Sá;L52;54
Arnaldo Faria de Sá;L53;67
Arnaldo Faria de Sá;L54;86
Arnaldo Faria de Sá;L55;90
Arnaldo Jardim;L53;63
Arnaldo Jardim;L54;45
Arnaldo Jardim;L55;9
Arnaldo Jardim;L56;35
Arnaldo Jardim;L57;24
Arnaldo Jordy;L54;50
Arnaldo Jordy;L55;67
Arnaldo Madeira;L51;2
Arnaldo Madeira;L52;4
Arnaldo Madeira;L53;15
Arnaldo Vianna;L53;11
Arnon Bezerra;L51;15
Arnon Bezerra;L52;25
Arnon Bezerra;L53;18
Arnon Bezerra;L54;17
Arnon Bezerra;L55;16
Arolde de Oliveira;L51;13
Arolde de Oliveira;L52;3
Arolde de Oliveira;L53;13
Arolde de Oliveira;L54;32
Arolde de Oliveira;L55;9
Aroldo Cedraz;L51;18
Aroldo Cedraz;L52;22
Aroldo Martins;L56;26
Arthur Lira;L54;18
Arthur Lira;L55;13
Arthur Lira;L56;7
Arthur Lira;L57;7
Arthur Oliveira Maia;L54;28
Arthur Oliveira Maia;L55;28
Arthur Oliveira Maia;L56;34
Arthur Oliveira Maia;L57;13
Arthur Virgílio Bisneto;L55;14
Artur Bruno;L54;22
Ary Kara;L51;18
Ary Kara;L52;6
Ary Vanazzi;L51;2
Ary Vanazzi;L52;14
Asdrubal Bentes;L51;11
Asdrubal Bentes;L52;15
Asdrubal Bentes;L53;15
Asdrubal Bentes;L54;17
Assis Carvalho;L54;24
Assis Carvalho;L55;33
Assis Carvalho;L56;9
Assis Melo;L54;22
Assis Melo;L55;10
Assis do Couto;L52;18
Assis do Couto;L53;20
Assis do Couto;L54;21
Assis do Couto;L55;27
Athos Avelino;L52;8
Audifax;L54;17
Augusto Carvalho;L53;8
Augusto Carvalho;L54;19
Augusto Carvalho;L55;22
Augusto Coutinho;L54;29
Augusto Coutinho;L55;40
Augusto Coutinho;L56;29
Augusto Coutinho;L57;24
Augusto Farias;L51;10
Augusto Farias;L53;17
Augusto Franco;L51;18
Augusto Nardes;L51;23
Augusto Nardes;L52;16
Augusto Puppio;L57;26
Aureo Ribeiro;L54;36
Aureo Ribeiro;L55;53
Aureo Ribeiro;L56;37
Aureo Ribeiro;L57;47
Avenzoar Arruda;L51;32
Ayrton Xerez;L51;20
Ayrton Xerez;L53;11
Aécio Neves;L51;6
Aécio Neves;L56;20
Aécio Neves;L57;6
B. Sá;L51;17
B. Sá;L52;20
B. Sá;L53;4
Babá;L51;26
Babá;L52;15
Bacelar;L55;42
Bacelar;L56;24
Bacelar;L57;9
Badu Picanço;L51;25
Badu Picanço;L52;6
Baleia Rossi;L55;16
Baleia Rossi;L56;14
Baleia Rossi;L57;12
Bandeira de Mello;L57;32
Barbosa Neto;L51;14
Barbosa Neto;L52;21
Barbosa Neto;L53;9
Basílio Villani;L51;26
Bebeto;L55;43
Bebeto;L57;26
Bel Mesquita;L53;17
Ben-Hur Ferreira;L51;12
Bene Camacho;L53;5
Benedita da Silva;L54;31
Benedita da Silva;L55;37
Benedita da Silva;L56;23
Benedita da Silva;L57;26
Benedito de Lira;L52;38
Benedito de Lira;L53;15
Benes Leocádio;L56;29
Benes Leocádio;L57;23
Benito Gama;L51;20
Benito Gama;L55;40
Benito Gama;L56;1
Benjamin Maranhão;L52;27
Benjamin Maranhão;L54;20
Benjamin Maranhão;L55;35
Berinho Bantim;L54;12
Bernardo Ariston;L52;23
Bernardo Ariston;L53;15
Bernardo Santana de Vasconcellos;L54;43
Betinho Gomes;L55;21
Betinho Rosado;L51;22
Betinho Rosado;L52;12
Betinho Rosado;L53;12
Betinho Rosado;L54;9
Beto Albuquerque;L51;3
Beto Albuquerque;L52;23
Beto Albuquerque;L53;17
Beto Albuquerque;L54;13
Beto Faro;L53;15
Beto Faro;L54;17
Beto Faro;L55;18
Beto Faro;L56;17
Beto Mansur;L53;19
Beto Mansur;L54;24
Beto Mansur;L55;9
Beto Pereira;L56;32
Beto Pereira;L57;15
Beto Preto;L57;1
Beto Richa;L57;11
Beto Rosado;L55;27
Beto Rosado;L56;15
Beto Salame;L55;37
Bia Cavassa;L56;19
Bia Kicis;L56;34
Bia Kicis;L57;23
Bibo Nunes;L56;32
Bibo Nunes;L57;19
Biffi;L52;21
Biffi;L53;16
Biffi;L54;12
Bilac Pinto;L53;23
Bilac Pinto;L54;3
Bilac Pinto;L55;37
Bilac Pinto;L56;28
Bilac Pinto;L57;1
Bira do Pindaré;L56;33
Bira do Pindaré;L57;1
Bismarck Maia;L52;35
Bispo Gê Tenuta;L53;12
Boca Aberta;L56;11
Bohn Gass;L54;24
Bohn Gass;L55;18
Bohn Gass;L56;21
Bohn Gass;L57;22
Bonifácio de Andrada;L51;31
Bonifácio de Andrada;L52;24
Bonifácio de Andrada;L53;20
Bonifácio de Andrada;L54;30
Bonifácio de Andrada;L55;23
Bosco Costa;L52;39
Bosco Costa;L55;8
Bosco Costa;L56;37
Bosco Costa;L57;2
Bosco Saraiva;L56;16
Bozzella;L56;37
Brizola Neto;L53;17
Brizola Neto;L54;7
Bruna Furlan;L54;17
Bruna Furlan;L55;27
Bruna Furlan;L56;18
Brunny;L55;16
Brunny;L56;1
Bruno Araújo;L53;45
Bruno Araújo;L54;35
Bruno Araújo;L55;15
Bruno Covas;L55;28
Bruno Farias;L57;27
Bruno Ganem;L57;16
Bruno Rodrigues;L53;20
Cabo Daciolo;L55;16
Cabo Gilberto Silva;L57;54
Cabo Juliano Rabelo;L54;15
Cabo Júlio;L51;37
Cabo Júlio;L52;16
Cabo Sabino;L55;77
Cabuçu Borges;L55;25
Cacá Leão;L55;32
Cacá Leão;L56;31
Cacá Leão;L57;1
Caetano;L55;18
Caio Narcio;L55;20
Caio Riela;L51;18
Caio Vianna;L57;20
Cajar Nardes;L55;13
Camila Jara;L57;17
Camilo Capiberibe;L56;33
Camilo Cola;L53;10
Camilo Cola;L54;9
Candinho Mattos;L51;10
Capitão Alberto Neto;L56;40
Capitão Alberto Neto;L57;42
Capitão Alden;L57;27
Capitão Assumção;L53;16
Capitão Augusto;L55;82
Capitão Augusto;L56;37
Capitão Augusto;L57;20
Capitão Fábio Abreu;L55;7
Capitão Fábio Abreu;L56;17
Capitão Samuel;L57;2
Capitão Wagner;L56;22
Capitão Wayne;L52;3
Carla Ayres;L57;5
Carla Dickson;L56;30
Carla Dickson;L57;18
Carla Stephanini;L55;1
Carla Stephanini;L56;1
Carla Zambelli;L56;36
Carla Zambelli;L57;18
Carlaile Pedrosa;L54;5
Carlinhos Almeida;L54;9
Carlito Merss;L51;23
Carlito Merss;L52;20
Carlito Merss;L53;11
Carlos Abicalil;L52;25
Carlos Abicalil;L53;20
Carlos Alberto Canuto;L53;13
Carlos Alberto Leréia;L52;35
Carlos Alberto Leréia;L53;16
Carlos Alberto Leréia;L54;10
Carlos Andrade;L55;32
Carlos Andrade;L56;1
Carlos Batata;L51;19
Carlos Batata;L52;4
Carlos Bezerra;L53;13
Carlos Bezerra;L54;16
Carlos Bezerra;L55;14
Carlos Bezerra;L56;5
Carlos Brandão;L53;19
Carlos Brandão;L54;24
Carlos Chiodini;L56;24
Carlos Chiodini;L57;9
Carlos Cury;L51;5
Carlos Dunga;L51;24
Carlos Dunga;L52;13
Carlos Eduardo Cadoca;L51;4
Carlos Eduardo Cadoca;L52;18
Carlos Eduardo Cadoca;L53;16
Carlos Eduardo Cadoca;L54;18
Carlos Eduardo Cadoca;L55;34
Carlos Gomes;L55;32
Carlos Gomes;L56;18
Carlos Gomes;L57;6
Carlos Henrique Gaguim;L55;97
Carlos Henrique Gaguim;L56;32
Carlos Henrique Gaguim;L57;33
Carlos Jordy;L56;30
Carlos Jordy;L57;13
Carlos Magno;L54;40
Carlos Manato;L52;29
Carlos Manato;L53;16
Carlos Manato;L54;13
Carlos Manato;L55;15
Carlos Marun;L55;36
Carlos Melles;L51;7
Carlos Melles;L52;25
Carlos Melles;L53;22
Carlos Melles;L54;5
Carlos Melles;L55;42
Carlos Melles;L56;1
Carlos Mosconi;L51;19
Carlos Mota;L52;35
Carlos Nader;L51;10
Carlos Nader;L52;25
Carlos Roberto;L54;9
Carlos Rodrigues;L51;26
Carlos Rodrigues;L52;26
Carlos Sampaio;L52;27
Carlos Sampaio;L53;32
Carlos Sampaio;L54;34
Carlos Sampaio;L55;23
Carlos Sampaio;L56;19
Carlos Sampaio;L57;10
Carlos Santana;L51;23
Carlos Santana;L52;12
Carlos Santana;L53;23
Carlos Souza;L52;17
Carlos Souza;L53;7
Carlos Souza;L54;16
Carlos Souza;L55;7
Carlos Veras;L56;26
Carlos Veras;L57;33
Carlos Willian;L52;23
Carlos Willian;L53;34
Carlos Willian;L54;1
Carlos Wilson;L53;6
Carlos Zarattini;L53;32
Carlos Zarattini;L54;22
Carlos Zarattini;L55;35
Carlos Zarattini;L56;32
Carlos Zarattini;L57;13
Carmen Zanotto;L54;42
Carmen Zanotto;L55;61
Carmen Zanotto;L56;34
Carmen Zanotto;L57;4
Carol Dartora;L57;20
Caroline de Toni;L56;38
Caroline de Toni;L57;20
Cassio Taniguchi;L53;3
Castro Neto;L57;16
Celcita Pinheiro;L51;30
Celcita Pinheiro;L52;35
Celia Rocha;L54;13
Celina Leão;L56;41
Celso Giglio;L51;15
Celso Jacob;L51;16
Celso Jacob;L54;16
Celso Jacob;L55;80
Celso Maldaner;L53;22
Celso Maldaner;L54;21
Celso Maldaner;L55;35
Celso Maldaner;L56;24
Celso Pansera;L55;42
Celso Russomanno;L51;24
Celso Russomanno;L52;25
Celso Russomanno;L53;21
Celso Russomanno;L54;1
Celso Russomanno;L55;24
Celso Russomanno;L56;23
Celso Russomanno;L57;15
Celso Sabino;L56;28
Celso Sabino;L57;5
Cesar Colnago;L54;36
Cesar Souza;L55;16
Cezar Schirmer;L51;17
Cezar Schirmer;L52;19
Cezar Schirmer;L53;12
Cezar Silvestri;L52;28
Cezar Silvestri;L53;26
Cezinha de Madureira;L56;40
Cezinha de Madureira;L57;23
Charles Fernandes;L56;20
Charles Fernandes;L57;20
Charles Lucena;L53;11
Charlles Evangelista;L56;21
Chico Abreu;L53;11
Chico Alencar;L52;28
Chico Alencar;L53;28
Chico Alencar;L54;22
Chico Alencar;L55;32
Chico Alencar;L57;22
Chico D'Angelo;L53;17
Chico D'Angelo;L54;9
Chico D'Angelo;L55;21
Chico D'Angelo;L56;23
Chico Daltro;L53;2
Chico Lopes;L53;19
Chico Lopes;L54;34
Chico Lopes;L55;37
Chico Sardelli;L51;24
Chico Sardelli;L52;10
Chico da Princesa;L51;15
Chico da Princesa;L52;16
Chico da Princesa;L53;12
Chico das Verduras;L54;22
Chicão Brígido;L52;8
Chiquinho Brazão;L56;19
Chiquinho Brazão;L57;13
Chiquinho Feitosa;L51;17
Chris Tonietto;L56;39
Chris Tonietto;L57;20
Christiane de Souza Yared;L55;31
Christiane de Souza Yared;L56;24
Christino Aureo;L56;32
Cida Borghetti;L54;38
Cida Diogo;L53;24
Ciro Gomes;L53;16
Ciro Nogueira;L51;21
Ciro Nogueira;L52;12
Ciro Nogueira;L53;8
Ciro Pedrosa;L53;18
Clarissa Garotinho;L55;20
Clarissa Garotinho;L56;25
Clarissa Tércio;L57;19
Claudio Cajado;L51;25
Claudio Cajado;L52;17
Claudio Cajado;L53;20
Claudio Cajado;L54;21
Claudio Cajado;L55;27
Claudio Cajado;L56;15
Claudio Cajado;L57;17
Claudio Rorato;L52;4
Cleber Verde;L53;40
Cleber Verde;L54;31
Cleber Verde;L55;30
Cleber Verde;L56;22
Cleber Verde;L57;23
Clementino Coelho;L51;27
Cleonâncio Fonseca;L51;26
Cleonâncio Fonseca;L52;24
Cleuber Carneiro;L51;22
Cleuber Carneiro;L52;16
Clodoaldo Magalhães;L57;23
Clodovil Hernandes;L53;4
Clovis Ilgenfritz;L51;5
Clovis Volpi;L51;15
Cláudio Diaz;L53;19
Cláudio Diaz;L54;1
Cláudio Diaz;L55;1
Cláudio Diaz;L56;1
Cláudio Magrão;L52;21
Cláudio Magrão;L53;3
Cláudio Puty;L54;24
Clóvis Fecury;L52;14
Clóvis Fecury;L53;11
Clóvis Queiroz;L51;4
Cobalchini;L57;13
Colbert Martins;L52;44
Colbert Martins;L53;44
Colbert Martins;L54;19
Colombo;L52;20
Conceição Sampaio;L55;43
Conceição Sampaio;L56;1
Confúcio Moura;L51;30
Confúcio Moura;L52;9
Corauci Sobrinho;L51;23
Corauci Sobrinho;L52;14
Coriolano Sales;L51;35
Coriolano Sales;L52;17
Cornélio Ribeiro;L51;10
Coronel Alves;L52;31
Coronel Armando;L56;46
Coronel Armando;L57;2
Coronel Assis;L57;26
Coronel Chrisóstomo;L56;45
Coronel Chrisóstomo;L57;26
Coronel Fernanda;L57;26
Coronel Garcia;L51;11
Coronel Meira;L57;32
Coronel Tadeu;L56;46
Coronel Tadeu;L57;4
Coronel Telhada;L57;15
Coronel Ulysses;L57;22
Costa Ferreira;L51;28
Costa Ferreira;L52;20
Costa Ferreira;L53;2
Costa Ferreira;L54;26
Covatti Filho;L55;53
Covatti Filho;L56;19
Covatti Filho;L57;14
Crescêncio Pereira Jr.;L51;4
Creuza Pereira;L55;52
Cristiane Brasil;L55;46
Cristiane Brasil;L56;1
Cristiane Lopes;L57;18
Cristiano;L54;7
Cristiano Matheus;L53;5
Cristiano Vale;L56;8
Custódio Mattos;L51;24
Custódio Mattos;L52;22
Custódio Mattos;L53;1
Cássio Andrade;L56;19
Cândido Vaccarezza;L53;13
Cândido Vaccarezza;L54;21
Célia Xakriabá;L57;22
Célio Moura;L56;26
Célio Silveira;L55;28
Célio Silveira;L56;20
Célio Silveira;L57;16
Célio Studart;L56;18
Célio Studart;L57;9
César Bandeira;L51;23
César Bandeira;L52;15
César Halum;L54;24
César Halum;L55;43
César Medeiros;L52;21
César Messias;L55;21
Cícero Almeida;L55;14
Da Vitoria;L56;21
Da Vitoria;L57;4
Dagoberto Nogueira;L53;22
Dagoberto Nogueira;L55;37
Dagoberto Nogueira;L56;24
Dagoberto Nogueira;L57;16
Daiana Santos;L57;32
Dal Barreto;L57;11
Dalva Figueiredo;L53;25
Dalva Figueiredo;L54;31
Damião Feliciano;L51;18
Damião Feliciano;L52;1
Damião Feliciano;L53;13
Damião Feliciano;L54;11
Damião Feliciano;L55;13
Damião Feliciano;L56;15
Damião Feliciano;L57;18
Dandara;L57;17
Dani Cunha;L57;25
Daniel Agrobom;L57;29
Daniel Almeida;L52;40
Daniel Almeida;L53;11
Daniel Almeida;L54;29
Daniel Almeida;L55;28
Daniel Almeida;L56;27
Daniel Almeida;L57;18
Daniel Barbosa;L57;12
Daniel Coelho;L55;29
Daniel Coelho;L56;23
Daniel Freitas;L56;20
Daniel Freitas;L57;11
Daniel José;L57;3
Daniel Silveira;L56;46
Daniel Trzeciak;L56;20
Daniel Trzeciak;L57;18
Daniel Vilela;L55;40
Daniela Reinehr;L57;36
Daniela do Waguinho;L56;26
Daniela do Waguinho;L57;6
Danilo Cabral;L54;5
Danilo Cabral;L55;32
Danilo Cabral;L56;31
Danilo Cabral;L57;1
Danilo Forte;L54;25
Danilo Forte;L55;42
Danilo Forte;L56;17
Danilo Forte;L57;28
Danilo de Castro;L51;28
Danrlei de Deus Hinterholz;L54;11
Danrlei de Deus Hinterholz;L55;25
Danrlei de Deus Hinterholz;L56;20
Danrlei de Deus Hinterholz;L57;10
Darci Coelho;L51;42
Darci Coelho;L52;32
Darci de Matos;L56;48
Darci de Matos;L57;21
Darcísio Perondi;L51;25
Darcísio Perondi;L52;22
Darcísio Perondi;L53;18
Darcísio Perondi;L54;35
Darcísio Perondi;L55;56
Darcísio Perondi;L56;10
Davi Alcolumbre;L52;26
Davi Alcolumbre;L53;13
Davi Alcolumbre;L54;23
Davi Alves Silva Júnior;L53;10
Davi Alves Silva Júnior;L54;17
Davi Alves Silva Júnior;L55;3
David Miranda;L56;16
David Soares;L56;32
David Soares;L57;24
Davidson Magalhães;L55;35
Dayany Bittencourt;L57;29
De Velasco;L51;22
Defensor Stélio Dener;L57;16
Dejorge Patrício;L55;4
Delegada Adriana Accorsi;L57;18
Delegada Ione;L57;31
Delegada Katarina;L57;27
Delegado Antônio Furtado;L56;28
Delegado Bruno Lima;L57;10
Delegado Caveira;L57;16
Delegado Edson Moreira;L55;51
Delegado Fabio Costa;L57;35
Delegado Francischini;L54;43
Delegado Francischini;L55;40
Delegado Marcelo Freitas;L56;26
Delegado Marcelo Freitas;L57;15
Delegado Matheus Laiola;L57;14
Delegado Pablo;L56;55
Delegado Palumbo;L57;9
Delegado Paulo Bilynskyj;L57;37
Delegado Protógenes;L54;40
Delegado Ramagem;L57;24
Delegado Waldir;L54;11
Delegado Waldir;L55;37
Delegado Waldir;L56;27
Delegado Waldir;L57;1
Delegado da Cunha;L57;25
Delegado Éder Mauro;L55;44
Delegado Éder Mauro;L56;25
Delegado Éder Mauro;L57;19
Deley;L52;30
Deley;L53;15
Deley;L54;24
Deley;L55;50
Delfim Netto;L51;14
Delfim Netto;L52;16
Deltan Dallagnol;L57;4
Denis Bezerra;L56;30
Denise Pessôa;L57;31
Deoclides Macedo;L55;18
Derval de Paiva;L52;2
Detinha;L57;19
Deusdeth Pantoja;L51;21
Deuzinho Filho;L56;1
Devanir Ribeiro;L52;31
Devanir Ribeiro;L53;17
Devanir Ribeiro;L54;24
Diego Andrade;L54;23
Diego Andrade;L55;30
Diego Andrade;L56;13
Diego Andrade;L57;19
Diego Coronel;L57;22
Diego Garcia;L55;55
Diego Garcia;L56;53
Diego Garcia;L57;34
Dilceu Sperafico;L51;19
Dilceu Sperafico;L52;18
Dilceu Sperafico;L53;15
Dilceu Sperafico;L54;35
Dilceu Sperafico;L55;24
Dilceu Sperafico;L56;2
Dilceu Sperafico;L57;11
Dilvanda Faro;L57;28
Dimas Fabiano;L54;18
Dimas Fabiano;L55;8
Dimas Fabiano;L56;10
Dimas Fabiano;L57;11
Dimas Gadelha;L57;21
Dimas Ramalho;L52;24
Dimas Ramalho;L53;7
Dimas Ramalho;L54;5
Dino Fernandes;L51;17
Divaldo Suruagy;L51;11
Djalma Berger;L53;7
Djalma Paes;L51;25
Dolores Nunes;L51;4
Domiciano Cabral;L51;18
Domiciano Cabral;L52;12
Domingos Dutra;L53;28
Domingos Dutra;L54;26
Domingos Neto;L54;22
Domingos Neto;L55;34
Domingos Neto;L56;27
Domingos Neto;L57;23
Domingos Sávio;L54;32
Domingos Sávio;L55;30
Domingos Sávio;L56;29
Domingos Sávio;L57;30
Dorinaldo Malafaia;L57;18
Douglas Viegas;L57;18
Doutor Luizinho;L56;58
Doutor Luizinho;L57;8
Dr Fabio Rueda;L57;5
Dr Flávio;L57;4
Dr. Adilson Soares;L53;15
Dr. Adilson Soares;L54;8
Dr. Agripino Magalhães;L56;2
Dr. Aluizio;L54;18
Dr. Basegio;L53;2
Dr. Benedito Dias;L51;30
Dr. Benedito Dias;L52;19
Dr. Benjamim;L57;10
Dr. Carlos Alberto;L54;21
Dr. Daniel Soranz;L57;14
Dr. Dilson Drumond;L54;1
Dr. Evilásio;L51;20
Dr. Evilásio;L52;16
Dr. Fernando Máximo;L57;25
Dr. Francisco;L57;18
Dr. Francisco Gonçalves;L52;24
Dr. Frederico;L56;45
Dr. Frederico;L57;25
Dr. Gomes;L51;4
Dr. Gonçalo;L56;11
Dr. Grilo;L54;32
Dr. Heleno;L51;25
Dr. Heleno;L52;18
Dr. Hélio;L51;23
Dr. Hélio;L52;11
Dr. Ismael Alexandrino;L57;28
Dr. Jaziel;L56;24
Dr. Jaziel;L57;17
Dr. Jorge Silva;L54;23
Dr. Jorge Silva;L55;39
Dr. João;L55;17
Dr. João;L56;2
Dr. Leonardo;L56;19
Dr. Luiz Fernando;L51;27
Dr. Luiz Fernando;L54;7
Dr. Luiz Ovando;L56;35
Dr. Luiz Ovando;L57;23
Dr. Nechar;L53;30
Dr. Paulo César;L53;18
Dr. Paulo César;L54;48
Dr. Pinotti;L52;27
Dr. Pinotti;L53;6
Dr. Remy Soares;L57;5
Dr. Rodolfo Pereira;L52;27
Dr. Rosinha;L51;31
Dr. Rosinha;L52;26
Dr. Rosinha;L53;28
Dr. Rosinha;L54;20
Dr. Sinval Malheiros;L55;25
Dr. Sinval Malheiros;L56;2
Dr. Talmir;L53;33
Dr. Ubiali;L53;23
Dr. Ubiali;L54;42
Dr. Victor Linhalis;L57;22
Dr. Zacharias Calil;L56;44
Dr. Zacharias Calil;L57;38
Dra. Alessandra Haber;L57;18
Dra. Clair;L52;21
Dra. Elaine Abissamra;L54;5
Dra. Mayra Pinheiro;L57;3
Dra. Soraya Manato;L56;75
Dra. Vanda Milani;L56;20
Dra. Vanda Milani;L57;1
Duarte Gonçalves Jr;L57;6
Duarte Jr.;L57;38
Duarte Nogueira;L53;40
Duarte Nogueira;L54;27
Duarte Nogueira;L55;3
Duda Ramos;L57;22
Duda Salabert;L57;30
Dudimar Paxiuba;L54;15
Dudu Luiz Eduardo;L54;6
Duilio Pisaneschi;L51;17
Dulce Miranda;L55;21
Dulce Miranda;L56;34
Durval Orlato;L52;24
Dâmina Pereira;L55;24
Dâmina Pereira;L56;1
Décio Lima;L53;20
Décio Lima;L54;19
Décio Lima;L55;17
Eber Silva;L51;16
Edgar Moury;L53;12
Edigar Mão Branca;L53;15
Edilázio Júnior;L56;29
Edinho Araújo;L51;11
Edinho Araújo;L54;31
Edinho Araújo;L55;4
Edinho Bez;L51;24
Edinho Bez;L52;11
Edinho Bez;L53;30
Edinho Bez;L54;39
Edinho Bez;L55;53
Edinho Montemor;L52;9
Edio Lopes;L53;27
Edio Lopes;L54;51
Edio Lopes;L55;41
Edio Lopes;L56;27
Edio Lopes;L57;1
Edir Oliveira;L51;20
Edir Oliveira;L52;4
Edison Andrino;L51;17
Edison Andrino;L52;20
Edivaldo Holanda Junior;L54;12
Edmar Arruda;L54;36
Edmar Arruda;L55;40
Edmar Moreira;L51;24
Edmar Moreira;L52;25
Edmar Moreira;L53;12
Edmar Moreira;L54;2
Edmilson Rodrigues;L55;43
Edmilson Rodrigues;L56;19
Edmilson Valentim;L53;15
Edmundo Galdino;L51;5
Edmundo Galdino;L52;5
Edna Henrique;L56;19
Edna Macedo;L52;21
Edson Aparecido;L53;29
Edson Aparecido;L54;1
Edson Duarte;L52;38
Edson Duarte;L53;19
Edson Ezequiel;L52;16
Edson Ezequiel;L53;10
Edson Ezequiel;L54;7
Edson Pimenta;L54;13
Edson Santos;L53;9
Edson Santos;L54;28
Edson Silva;L54;18
Eduardo Amorim;L53;26
Eduardo Azeredo;L54;25
Eduardo Barbosa;L51;20
Eduardo Barbosa;L52;40
Eduardo Barbosa;L53;29
Eduardo Barbosa;L54;30
Eduardo Barbosa;L55;40
Eduardo Barbosa;L56;38
Eduardo Bismarck;L56;45
Eduardo Bismarck;L57;16
Eduardo Bolsonaro;L55;43
Eduardo Bolsonaro;L56;21
Eduardo Bolsonaro;L57;9
Eduardo Braide;L56;33
Eduardo Campos;L51;25
Eduardo Campos;L52;11
Eduardo Costa;L56;32
Eduardo Cunha;L52;23
Eduardo Cunha;L53;25
Eduardo Cunha;L54;32
Eduardo Cunha;L55;2
Eduardo Cury;L55;30
Eduardo Cury;L56;30
Eduardo Gomes;L52;22
Eduardo Gomes;L53;22
Eduardo Gomes;L54;13
Eduardo Jorge;L51;11
Eduardo Lopes;L53;14
Eduardo Paes;L51;26
Eduardo Paes;L52;27
Eduardo Sciarra;L52;50
Eduardo Sciarra;L53;34
Eduardo Sciarra;L54;32
Eduardo Seabra;L51;29
Eduardo Seabra;L52;20
Eduardo Valverde;L52;38
Eduardo Valverde;L53;38
Eduardo Velloso;L57;19
Eduardo da Fonte;L53;21
Eduardo da Fonte;L54;10
Eduardo da Fonte;L55;9
Eduardo da Fonte;L56;25
Eduardo da Fonte;L57;15
Efraim Filho;L53;31
Efraim Filho;L54;63
Efraim Filho;L55;55
Efraim Filho;L56;34
Efraim Morais;L51;8
Elaine Costa;L52;23
Elcione Barbalho;L51;23
Elcione Barbalho;L53;16
Elcione Barbalho;L54;26
Elcione Barbalho;L55;25
Elcione Barbalho;L56;22
Elcione Barbalho;L57;8
Eleuses Paiva;L53;8
Eleuses Paiva;L54;32
Eleuses Paiva;L56;2
Eli Borges;L56;20
Eli Borges;L57;29
Eli Corrêa Filho;L54;27
Eli Corrêa Filho;L55;33
Eli Corrêa Filho;L56;31
Eliane Braz;L57;3
Eliane Rolim;L54;3
Elias Murad;L51;8
Elias Vaz;L56;40
Elias Vaz;L57;1
Eliene Lima;L53;20
Eliene Lima;L54;18
Elimar Máximo Damasceno;L52;21
Elisangela Araujo;L57;5
Eliseu Moura;L51;19
Eliseu Moura;L52;9
Eliseu Padilha;L52;27
Eliseu Padilha;L53;10
Eliseu Padilha;L54;21
Eliseu Resende;L51;18
Eliseu Resende;L52;16
Elismar Prado;L53;21
Eliza Virgínia;L56;2
Eliza Virgínia;L57;6
Elizeu Aguiar;L53;11
Elizeu Dionizio;L55;41
Elizeu Dionizio;L56;2
Eliziane Gama;L55;32
Eliziane Gama;L56;1
Elmar Nascimento;L55;33
Elmar Nascimento;L56;15
Elmar Nascimento;L57;4
Elton Rohnelt;L51;18
Ely Santos;L56;5
Ely Santos;L57;13
Emanuel Fernandes;L53;16
Emanuel Fernandes;L54;11
Emanuel Pinheiro Neto;L56;29
Emanuel Pinheiro Neto;L57;18
Emerson Kapaz;L51;23
Emidinho Madeira;L56;13
Emidinho Madeira;L57;12
Emilia Fernandes;L53;15
Emiliano José;L53;9
Emiliano José;L54;16
Enfermeira Ana Paula;L57;13
Enfermeira Rejane;L57;4
Eni Voltolini;L51;18
Enio Bacci;L51;12
Enio Bacci;L52;25
Enio Bacci;L53;10
Enio Bacci;L54;16
Enio Tatico;L52;22
Enio Verri;L55;29
Enio Verri;L56;22
Enio Verri;L57;1
Enivaldo Ribeiro;L51;28
Enivaldo Ribeiro;L52;29
Enrico Misasi;L56;22
Enéas;L52;11
Enéas;L53;1
Enéias Reis;L56;28
Eraldo Tinoco;L51;2
Eriberto Medeiros;L57;14
Erika Hilton;L57;24
Erika Kokay;L54;57
Erika Kokay;L55;65
Erika Kokay;L56;46
Erika Kokay;L57;41
Erivelton Santana;L54;15
Erivelton Santana;L55;19
Ernandes Amorim;L53;23
Eron Bezerra;L55;3
Eros Biondini;L54;14
Eros Biondini;L55;52
Eros Biondini;L56;16
Eros Biondini;L57;13
Esperidião Amin;L54;41
Esperidião Amin;L55;32
Esther Grossi;L51;9
Euclydes Pettersen;L56;23
Euclydes Pettersen;L57;8
Eudes Xavier;L53;26
Eudes Xavier;L54;12
Eugênio Rabelo;L53;11
Eujácio Simões;L51;49
Euler Morais;L51;19
Euler Ribeiro;L51;21
Eunício Oliveira;L51;25
Eunício Oliveira;L52;4
Eunício Oliveira;L53;13
Eunício Oliveira;L57;17
Euricelia Cardoso;L55;1
Eurico Júnior;L54;21
Eurico Miranda;L51;20
Euripedes Miranda;L51;28
Euripedes Miranda;L53;3
Evair Vieira de Melo;L55;57
Evair Vieira de Melo;L56;53
Evair Vieira de Melo;L57;40
Evandro Gussi;L55;40
Evandro Milhomen;L51;18
Evandro Milhomen;L52;2
Evandro Milhomen;L53;19
Evandro Milhomen;L54;32
Expedito Júnior;L51;28
Expedito Netto;L55;38
Expedito Netto;L56;19
Ezequiel Fonseca;L55;31
Ezequiel Teixeira;L55;35
Ezidio Pinheiro;L51;6
Fabiano Horta;L55;7
Fabiano Tolentino;L56;4
Fabio Garcia;L55;41
Fabio Garcia;L57;9
Fabio Reis;L54;10
Fabio Reis;L55;25
Fabio Reis;L56;19
Fabio Reis;L57;10
Fabio Schiochet;L56;25
Fabio Schiochet;L57;10
Fabricio Oliveira;L55;6
Fatima Pelaes;L57;6
Fausto Jr.;L57;19
Fausto Pinato;L55;48
Fausto Pinato;L56;27
Fausto Pinato;L57;20
Felipe Becari;L57;10
Felipe Bornier;L53;46
Felipe Bornier;L54;32
Felipe Bornier;L55;28
Felipe Carreras;L55;7
Felipe Carreras;L56;38
Felipe Carreras;L57;21
Felipe Francischini;L56;30
Felipe Francischini;L57;31
Felipe Maia;L53;14
Felipe Maia;L54;20
Felipe Maia;L55;24
Felipe Rigoni;L56;54
Felipe Saliba;L57;3
Felício Laterça;L56;45
Fernanda Melchionna;L56;38
Fernanda Melchionna;L57;30
Fernanda Pessoa;L57;31
Fernando Borja;L56;1
Fernando Chiarelli;L53;7
Fernando Chucre;L52;1
Fernando Chucre;L53;24
Fernando Coelho Filho;L53;12
Fernando Coelho Filho;L54;13
Fernando Coelho Filho;L55;7
Fernando Coelho Filho;L56;19
Fernando Coelho Filho;L57;12
Fernando Coruja;L51;40
Fernando Coruja;L52;21
Fernando Coruja;L53;24
Fernando Diniz;L51;16
Fernando Diniz;L52;13
Fernando Diniz;L53;5
Fernando Estima;L52;9
Fernando Ferro;L51;31
Fernando Ferro;L52;34
Fernando Ferro;L53;38
Fernando Ferro;L54;32
Fernando Gabeira;L51;39
Fernando Gabeira;L52;25
Fernando Gabeira;L53;26
Fernando Gonçalves;L51;39
Fernando Gonçalves;L52;13
Fernando Gonçalves;L53;2
Fernando Jordão;L54;19
Fernando Jordão;L55;19
Fernando Lopes;L52;7
Fernando Lopes;L53;11
Fernando Lopes;L54;4
Fernando Marroni;L51;15
Fernando Marroni;L53;21
Fernando Marroni;L54;21
Fernando Marroni;L55;10
Fernando Melo;L53;19
Fernando Mineiro;L57;22
Fernando Monteiro;L55;58
Fernando Monteiro;L56;26
Fernando Monteiro;L57;13
Fernando Nascimento;L53;8
Fernando Rodolfo;L56;28
Fernando Rodolfo;L57;17
Fernando Torres;L54;13
Fernando Torres;L55;11
Fernando William;L52;2
Fernando Zachia;L54;4
Fernando Zuppo;L51;13
Fernando de Fabinho;L52;47
Fernando de Fabinho;L53;26
Fetter Junior;L51;21
Feu Rosa;L51;36
Feu Rosa;L52;39
Filipe Barros;L56;38
Filipe Barros;L57;19
Filipe Martins;L57;25
Filipe Pereira;L53;22
Filipe Pereira;L54;24
Fioravante;L51;18
Flaviano Melo;L53;13
Flaviano Melo;L54;19
Flaviano Melo;L55;11
Flaviano Melo;L56;14
Flavinha;L57;4
Flavinho;L55;36
Fleury;L51;34
Fleury;L52;43
Flordelis;L56;12
Florentino Neto;L57;28
Floriano Pesaro;L55;8
Flávia Arruda;L56;28
Flávia Morais;L54;41
Flávia Morais;L55;58
Flávia Morais;L56;55
Flávia Morais;L57;52
Flávio Arns;L51;12
Flávio Bezerra;L53;17
Flávio Derzi;L51;16
Flávio Dino;L53;22
Flávio Nogueira;L55;3
Flávio Nogueira;L56;23
Flávio Nogueira;L57;23
Franciane Bayer;L57;29
Francisca Trindade;L52;4
Francisco Appio;L52;14
Francisco Araújo;L54;10
Francisco Chagas;L54;11
Francisco Chapadinha;L55;22
Francisco Coelho;L51;22
Francisco Dornelles;L51;7
Francisco Dornelles;L52;24
Francisco Escórcio;L52;2
Francisco Escórcio;L54;22
Francisco Floriano;L54;15
Francisco Floriano;L55;32
Francisco Garcia;L51;31
Francisco Garcia;L52;18
Francisco Jr.;L56;46
Francisco Praciano;L53;23
Francisco Praciano;L54;20
Francisco Rodrigues;L51;29
Francisco Rodrigues;L52;16
Francisco Rodrigues;L53;22
Francisco Rossi;L53;6
Francisco Silva;L51;11
Francisco Sousa;L51;2
Francisco Tenório;L53;30
Francisco Tenório;L54;10
Francisco Turra;L52;14
Francisco de Assis;L54;2
Francistônio Pinto;L51;17
Franco Cartafina;L56;26
Franco Montoro;L51;4
Frank Aguiar;L53;8
Franklin;L55;24
Fred Costa;L56;35
Fred Costa;L57;8
Fred Kohler;L52;3
Fred Linhares;L57;18
Frei Anastacio Ribeiro;L56;13
Freire Júnior;L51;46
Freire Júnior;L53;7
Freire Júnior;L55;1
Fábio Faria;L53;13
Fábio Faria;L54;13
Fábio Faria;L55;15
Fábio Faria;L56;4
Fábio Henrique;L56;41
Fábio Henrique;L57;4
Fábio Macedo;L57;5
Fábio Mitidieri;L55;51
Fábio Mitidieri;L56;31
Fábio Ramalho;L53;25
Fábio Ramalho;L54;16
Fábio Ramalho;L55;19
Fábio Ramalho;L56;20
Fábio Sousa;L55;24
Fábio Souto;L52;13
Fábio Souto;L53;17
Fábio Souto;L54;15
Fábio Teruel;L57;10
Fábio Trad;L54;33
Fábio Trad;L55;6
Fábio Trad;L56;34
Fátima Bezerra;L52;25
Fátima Bezerra;L53;37
Fátima Bezerra;L54;29
Fátima Pelaes;L51;34
Fátima Pelaes;L53;24
Fátima Pelaes;L54;33
Félix Mendonça;L51;25
Félix Mendonça;L52;17
Félix Mendonça;L53;18
Félix Mendonça Júnior;L54;26
Félix Mendonça Júnior;L55;36
Félix Mendonça Júnior;L56;22
Félix Mendonça Júnior;L57;17
Gabriel Chalita;L54;30
Gabriel Guimarães;L54;23
Gabriel Guimarães;L55;20
Gabriel Mota;L57;17
Gabriel Nunes;L57;17
Gastão Vieira;L51;26
Gastão Vieira;L52;19
Gastão Vieira;L53;12
Gastão Vieira;L54;10
Gastão Vieira;L56;28
Gean Loureiro;L54;6
Geddel Vieira Lima;L51;1
Geddel Vieira Lima;L52;6
Geddel Vieira Lima;L53;2
Gelson Azevedo;L56;13
Genecias Noronha;L54;21
Genecias Noronha;L55;19
Genecias Noronha;L56;9
General Girão;L56;26
General Girão;L57;18
General Pazuello;L57;19
General Peternelli;L56;53
General Peternelli;L57;1
Geninho Zuliani;L56;45
Genésio Bernardino;L51;1
George Hilton;L53;16
George Hilton;L54;17
George Hilton;L55;25
George Hilton;L56;1
Geovan Freitas;L51;13
Geovania de Sá;L55;46
Geovania de Sá;L56;23
Geovania de Sá;L57;37
Gera Arruda;L54;5
Geraldinho;L53;2
Geraldo Mendes;L57;13
Geraldo Pudim;L53;24
Geraldo Resende;L52;34
Geraldo Resende;L53;29
Geraldo Resende;L54;34
Geraldo Resende;L55;36
Geraldo Resende;L57;30
Geraldo Simões;L51;7
Geraldo Simões;L53;9
Geraldo Simões;L54;18
Geraldo Thadeu;L52;41
Geraldo Thadeu;L53;24
Geraldo Thadeu;L54;23
Gerlen Diniz;L57;6
Germano Bonow;L53;19
Germano Rigotto;L51;15
Gerson Gabrielli;L51;25
Gerson Gabrielli;L52;26
Gerson Peres;L51;21
Gerson Peres;L53;15
Gervásio Maia;L56;28
Gervásio Maia;L57;13
Gervásio Oliveira;L52;18
Gervásio Silva;L51;32
Gervásio Silva;L52;34
Gervásio Silva;L53;22
Gerônimo da Adefal;L53;2
Gessivaldo Isaias;L51;13
Giacobo;L52;24
Giacobo;L53;8
Giacobo;L54;14
Giacobo;L55;4
Giacobo;L56;17
Giacobo;L57;9
Gil Cutrim;L56;33
Gilberto Abramo;L56;31
Gilberto Abramo;L57;20
Gilberto Kassab;L51;29
Gilberto Kassab;L52;11
Gilberto Nascimento;L52;26
Gilberto Nascimento;L55;45
Gilberto Nascimento;L56;24
Gilberto Nascimento;L57;25
Gilmar Machado;L51;26
Gilmar Machado;L52;28
Gilmar Machado;L53;23
Gilmar Machado;L54;14
Gilson Daniel;L57;41
Gilson Marques;L56;24
Gilson Marques;L57;17
Gilvan Maximo;L57;10
Gilvan da Federal;L57;13
Giovani Cherini;L54;29
Giovani Cherini;L55;35
Giovani Cherini;L56;31
Giovani Cherini;L57;17
Giovani Feltes;L55;3
Giovani Feltes;L56;11
Giovanni Queiroz;L51;19
Giovanni Queiroz;L53;24
Giovanni Queiroz;L54;27
Giroto;L54;17
Gisela Simona;L57;45
Giuseppe Vecci;L55;26
Givaldo Carimbão;L51;14
Givaldo Carimbão;L52;16
Givaldo Carimbão;L53;14
Givaldo Carimbão;L54;26
Givaldo Carimbão;L55;35
Givaldo Vieira;L55;26
Givaldo Vieira;L56;1
Gladson Cameli;L53;14
Gladson Cameli;L54;20
Glauber Braga;L53;14
Glauber Braga;L54;32
Glauber Braga;L55;43
Glauber Braga;L56;32
Glauber Braga;L57;14
Glaustin da Fokus;L56;25
Glaustin da Fokus;L57;15
Gleisi Hoffmann;L56;18
Gleisi Hoffmann;L57;10
Glycon Terra Pinto;L51;17
Gláucia Santiago;L57;3
Gonzaga Mota;L52;29
Gonzaga Patriota;L51;30
Gonzaga Patriota;L52;34
Gonzaga Patriota;L53;20
Gonzaga Patriota;L54;46
Gonzaga Patriota;L55;54
Gonzaga Patriota;L56;20
Gorete Pereira;L52;6
Gorete Pereira;L53;25
Gorete Pereira;L54;43
Gorete Pereira;L55;57
Gorete Pereira;L56;7
Goulart;L55;63
Greyce Elias;L56;26
Greyce Elias;L57;19
Guiga Peixoto;L56;22
Guilherme Boulos;L57;19
Guilherme Campos;L53;51
Guilherme Campos;L54;37
Guilherme Coelho;L55;20
Guilherme Derrite;L56;32
Guilherme Menezes;L52;17
Guilherme Menezes;L53;8
Guilherme Mussi;L54;26
Guilherme Mussi;L55;35
Guilherme Mussi;L56;13
Guilherme Uchoa;L57;12
Gurgel;L56;31
Gurgel;L57;1
Gustavo Fruet;L51;21
Gustavo Fruet;L52;18
Gustavo Fruet;L53;21
Gustavo Fruet;L56;24
Gustavo Gayer;L57;29
Gustavo Petta;L54;6
Gustinho Ribeiro;L56;21
Gustinho Ribeiro;L57;5
Gutemberg Reis;L56;41
Gutemberg Reis;L57;16
Hamilton Casara;L52;29
Haroldo Bezerra;L51;7
Haroldo Cathedral;L56;21
Haroldo Lima;L51;21
Heitor Freire;L56;38
Heitor Schuch;L55;42
Heitor Schuch;L56;23
Heitor Schuch;L57;20
Helcio Silva;L54;2
Helder Salomão;L55;33
Helder Salomão;L56;20
Helder Salomão;L57;13
Helena Lima;L57;16
Helenildo Ribeiro;L51;15
Helenildo Ribeiro;L52;32
Heleno Silva;L52;23
Heleno Silva;L54;12
Helio Lopes;L56;26
Helio Lopes;L57;23
Henderson Pinto;L57;19
Henrique Afonso;L52;18
Henrique Afonso;L53;11
Henrique Afonso;L54;13
Henrique Eduardo Alves;L51;15
Henrique Eduardo Alves;L52;16
Henrique Eduardo Alves;L53;6
Henrique Eduardo Alves;L54;2
Henrique Fontana;L51;22
Henrique Fontana;L52;18
Henrique Fontana;L53;7
Henrique Fontana;L54;18
Henrique Fontana;L55;23
Henrique Fontana;L56;19
Henrique Júnior;L57;8
Henrique Oliveira;L54;21
Henrique do Paraíso;L56;10
Herculano Anghinetti;L51;32
Herculano Anghinetti;L52;16
Herculano Passos;L55;44
Herculano Passos;L56;31
Hercílio Coelho Diniz;L56;28
Hercílio Coelho Diniz;L57;16
Hermes Parcianello;L51;14
Hermes Parcianello;L52;15
Hermes Parcianello;L53;10
Hermes Parcianello;L54;10
Hermes Parcianello;L55;12
Hermes Parcianello;L56;9
Heráclito Fortes;L51;11
Heráclito Fortes;L55;23
Heráclito Fortes;L56;1
Heuler Cruvinel;L54;24
Heuler Cruvinel;L55;24
Hildebrando Pascoal;L51;2
Hildo Rocha;L55;86
Hildo Rocha;L56;49
Hildo Rocha;L57;10
Hildo do Candango;L57;8
Hiran Gonçalves;L55;49
Hiran Gonçalves;L56;29
Hissa Abrahão;L55;24
Homero Barreto;L52;14
Homero Pereira;L53;27
Homero Pereira;L54;15
Hugo Biehl;L51;25
Hugo Leal;L53;34
Hugo Leal;L54;59
Hugo Leal;L55;75
Hugo Leal;L56;53
Hugo Leal;L57;24
Hugo Motta;L54;39
Hugo Motta;L55;28
Hugo Motta;L56;26
Hugo Motta;L57;6
Hugo Napoleão;L54;21
Humberto Michiles;L52;30
Humberto Souto;L53;38
Humberto Souto;L54;9
Hélio Costa;L51;12
Hélio Costa;L56;14
Hélio Esteves;L52;14
Hélio Leite;L55;52
Hélio Leite;L56;22
Hélio Leite;L57;20
Hélio Santos;L54;12
Iara Bernardi;L51;31
Iara Bernardi;L52;33
Iara Bernardi;L54;25
Iberê Ferreira;L51;21
Iberê Ferreira;L52;6
Ibrahim Abi-Ackel;L51;15
Ibrahim Abi-Ackel;L52;20
Ibsen Pinheiro;L53;16
Icaro de Valmir;L57;37
Idilvan Alencar;L56;33
Idilvan Alencar;L57;7
Igor Avelino;L51;22
Igor Kannário;L56;12
Igor Timo;L56;60
Igor Timo;L57;26
Ildefonço Cordeiro;L51;33
Ilderlei Cordeiro;L53;40
Ildeu Araujo;L52;22
Ilário Marques;L54;5
Inaldo Leitão;L51;25
Inaldo Leitão;L52;47
Indio da Costa;L53;20
Indio da Costa;L55;23
Inocêncio Oliveira;L52;9
Inocêncio Oliveira;L53;5
Inocêncio Oliveira;L54;4
Inácio Arruda;L51;18
Inácio Arruda;L52;25
Iracema Portella;L54;22
Iracema Portella;L55;23
Iracema Portella;L56;14
Irajá Abreu;L54;19
Irajá Abreu;L55;19
Iran Barbosa;L53;19
Irineu Rodrigues;L52;1
Iriny Lopes;L52;28
Iriny Lopes;L53;28
Iriny Lopes;L54;21
Irmão Lazaro;L55;13
Isaias Silvestre;L52;28
Isaias Silvestre;L54;14
Ismael;L57;13
Isnaldo Bulhões Jr.;L56;29
Isnaldo Bulhões Jr.;L57;12
Itamar Serpa;L51;16
Itamar Serpa;L52;29
Ivan Junior;L57;4
Ivan Paixão;L51;15
Ivan Paixão;L52;14
Ivan Ranzolin;L52;31
Ivan Valente;L51;8
Ivan Valente;L52;19
Ivan Valente;L53;23
Ivan Valente;L54;22
Ivan Valente;L55;38
Ivan Valente;L56;32
Ivan Valente;L57;15
Ivanio Guerra;L51;17
Ivo José;L52;22
Ivoneide Caetano;L57;16
Iza Arruda;L57;26
Izalci Lucas;L53;1
Izalci Lucas;L54;58
Izalci Lucas;L55;58
Izaque Silva;L55;4
Iédio Rosa;L51;24
JHC;L55;34
JHC;L56;16
Jack Rocha;L57;24
Jackson Barreto;L52;35
Jackson Barreto;L53;16
Jader Barbalho;L52;10
Jader Barbalho;L53;6
Jadyel Alencar;L57;26
Jaime Fernandes;L51;17
Jaime Martins;L51;32
Jaime Martins;L52;35
Jaime Martins;L53;18
Jaime Martins;L54;40
Jaime Martins;L55;45
Jaime Martins;L56;2
Jair Bolsonaro;L51;27
Jair Bolsonaro;L52;23
Jair Bolsonaro;L53;12
Jair Bolsonaro;L54;25
Jair Bolsonaro;L55;19
Jair Meneguelli;L51;18
Jair de Oliveira;L52;3
Jairo Ataíde;L53;14
Jairo Ataíde;L54;26
Jairo Azi;L51;7
Jairo Carneiro;L51;20
Jairo Carneiro;L52;20
Jairo Carneiro;L53;6
Jamil Murad;L52;34
Jandira Feghali;L51;28
Jandira Feghali;L52;25
Jandira Feghali;L54;32
Jandira Feghali;L55;32
Jandira Feghali;L56;37
Jandira Feghali;L57;21
Janete Capiberibe;L52;22
Janete Capiberibe;L53;14
Janete Capiberibe;L54;36
Janete Capiberibe;L55;44
Janete Capiberibe;L56;1
Janete Rocha Pietá;L53;24
Janete Rocha Pietá;L54;18
Jaqueline Cassol;L56;34
Jaqueline Cassol;L57;1
Jaqueline Roriz;L54;14
Jaques Wagner;L51;17
Jarbas Lima;L51;2
Jarbas Vasconcelos;L55;7
Jean Wyllys;L54;27
Jean Wyllys;L55;36
Jean Wyllys;L56;1
Jeferson Rodrigues;L57;13
Jefferson Campos;L52;26
Jefferson Campos;L53;7
Jefferson Campos;L54;17
Jefferson Campos;L55;23
Jefferson Campos;L56;10
Jefferson Campos;L57;16
Jerônimo Goergen;L54;37
Jerônimo Goergen;L55;40
Jerônimo Goergen;L56;23
Jerônimo Reis;L53;11
Jesus Rodrigues;L54;27
Jesus Sérgio;L56;22
Jhonatan de Jesus;L54;17
Jhonatan de Jesus;L55;25
Jhonatan de Jesus;L56;24
Jilmar Tatto;L53;20
Jilmar Tatto;L54;7
Jilmar Tatto;L57;19
Joaquim Beltrão;L53;16
Joaquim Beltrão;L54;9
Joaquim Brito;L51;2
Joaquim Francisco;L51;24
Joaquim Francisco;L52;14
Joaquim Passarinho;L55;47
Joaquim Passarinho;L56;40
Joaquim Passarinho;L57;17
Joel de Hollanda;L51;21
Joel de Hollanda;L52;2
Joenia Wapichana;L56;45
Jofran Frejat;L51;6
Jofran Frejat;L53;13
Joice Hasselmann;L56;24
Jonas Donizette;L54;5
Jonas Donizette;L57;11
Jones Martins;L55;39
Jones Moura;L56;8
Jones Moura;L57;7
Jonival Lucas Junior;L51;24
Jonival Lucas Junior;L52;19
Jony Marcos;L55;14
Jorge Alberto;L51;23
Jorge Alberto;L52;36
Jorge Bittar;L51;17
Jorge Bittar;L52;21
Jorge Bittar;L53;12
Jorge Bittar;L54;13
Jorge Boeira;L52;16
Jorge Boeira;L53;15
Jorge Boeira;L54;14
Jorge Boeira;L55;15
Jorge Braz;L56;23
Jorge Braz;L57;11
Jorge Costa;L51;16
Jorge Côrte Real;L54;18
Jorge Côrte Real;L55;27
Jorge Goetten;L56;3
Jorge Goetten;L57;27
Jorge Gomes;L52;19
Jorge Khoury;L51;22
Jorge Khoury;L52;4
Jorge Khoury;L53;26
Jorge Pinheiro;L51;24
Jorge Pinheiro;L52;21
Jorge Pinheiro;L54;3
Jorge Solla;L55;37
Jorge Solla;L56;27
Jorge Solla;L57;19
Jorge Tadeu Mudalen;L51;16
Jorge Tadeu Mudalen;L53;13
Jorge Tadeu Mudalen;L54;10
Jorge Tadeu Mudalen;L55;19
Jorge Vi;L52;4
Jorge Wilson;L51;15
Jorginho Maluly;L53;40
Jorginho Mello;L54;25
Jorginho Mello;L55;49
Jorginho Mello;L56;1
Jorielson;L56;5
Jose Mario Schreiner;L56;21
Jose Stédile;L54;39
Jose Stédile;L55;32
Jose Stédile;L56;1
Joseildo Ramos;L56;25
Joseildo Ramos;L57;21
Josenildo;L57;25
Joseph Bandeira;L53;14
Joseph Bandeira;L54;4
Josi Nunes;L55;42
Josi Nunes;L56;1
Josias Gomes;L52;15
Josias Gomes;L54;21
Josias Gomes;L55;2
Josias Gomes;L56;5
Josias Gomes;L57;14
Josias Quintal;L52;27
Josimar Maranhãozinho;L56;10
Josimar Maranhãozinho;L57;3
Josivaldo Jp;L56;11
Josivaldo Jp;L57;18
Josué Bengtson;L51;26
Josué Bengtson;L52;24
Josué Bengtson;L54;24
Josué Bengtson;L55;29
José Airton Félix Cirilo;L53;23
José Airton Félix Cirilo;L54;16
José Airton Félix Cirilo;L55;21
José Airton Félix Cirilo;L56;11
José Airton Félix Cirilo;L57;12
José Aleksandro;L51;15
José Antonio Almeida;L51;35
José Aníbal;L51;4
José Aníbal;L53;15
José Aníbal;L54;3
José Augusto Maia;L54;29
José Borba;L51;29
José Borba;L52;10
José C. Stangarlini;L53;5
José Carlos Aleluia;L51;19
José Carlos Aleluia;L52;26
José Carlos Aleluia;L53;35
José Carlos Aleluia;L55;40
José Carlos Araújo;L52;49
José Carlos Araújo;L53;15
José Carlos Araújo;L54;18
José Carlos Araújo;L55;26
José Carlos Coutinho;L51;22
José Carlos Elias;L51;24
José Carlos Elias;L52;10
José Carlos Fonseca Jr.;L51;20
José Carlos Machado;L52;36
José Carlos Machado;L53;10
José Carlos Machado;L54;1
José Carlos Martinez;L51;17
José Carlos Martinez;L52;8
José Carlos Vieira;L51;25
José Carlos Vieira;L53;21
José Carlos Vieira;L54;4
José Chaves;L51;19
José Chaves;L52;20
José Chaves;L53;10
José Chaves;L54;14
José Coimbra;L51;4
José Dirceu;L51;12
José Dirceu;L52;2
José Divino;L52;15
José Edmar;L53;2
José Eduardo Cardozo;L52;34
José Eduardo Cardozo;L53;32
José Egydio;L51;12
José Fernando Aparecido de Oliveira;L53;24
José Fogaça;L55;18
José Genoíno;L51;20
José Genoíno;L53;19
José Genoíno;L54;3
José Guimarães;L53;26
José Guimarães;L54;29
José Guimarães;L55;25
José Guimarães;L56;14
José Guimarães;L57;9
José Humberto;L54;19
José Ivo Sartori;L52;11
José Janene;L51;23
José Janene;L52;5
José Linhares;L51;26
José Linhares;L52;26
José Linhares;L53;25
José Linhares;L54;34
José Lourenço;L51;25
José Machado;L51;8
José Magalhães;L51;2
José Medeiros;L56;32
José Medeiros;L57;18
José Melo;L51;8
José Mendonça Bezerra;L51;20
José Mendonça Bezerra;L52;17
José Mendonça Bezerra;L53;9
José Mentor;L52;21
José Mentor;L53;23
José Mentor;L54;21
José Mentor;L55;29
José Mentor;L56;1
José Mentor;L57;1
José Militão;L51;16
José Militão;L52;29
José Múcio Monteiro;L51;21
José Múcio Monteiro;L52;9
José Múcio Monteiro;L53;2
José Nelto;L56;35
José Nelto;L57;12
José Nunes;L54;8
José Nunes;L55;22
José Nunes;L56;9
José Otávio Germano;L52;6
José Otávio Germano;L53;20
José Otávio Germano;L54;29
José Otávio Germano;L55;16
José Paulo Tóffano;L53;16
José Pimentel;L51;37
José Pimentel;L52;27
José Pimentel;L53;11
José Priante;L51;17
José Priante;L52;17
José Priante;L54;14
José Priante;L55;16
José Priante;L56;9
José Priante;L57;6
José Rajão;L52;3
José Reinaldo;L55;12
José Ricardo;L56;23
José Roberto Arruda;L52;33
José Roberto Batochio;L51;23
José Rocha;L51;21
José Rocha;L52;29
José Rocha;L53;22
José Rocha;L54;38
José Rocha;L55;61
José Rocha;L56;33
José Rocha;L57;23
José Ronaldo;L51;14
José Santana de Vasconcellos;L52;24
José Santana de Vasconcellos;L53;9
José Teles;L51;13
José Thomaz Nonô;L51;22
José Thomaz Nonô;L52;13
José de Abreu;L51;16
José de Filippi;L54;10
Jovair Arantes;L51;32
Jovair Arantes;L52;32
Jovair Arantes;L53;8
Jovair Arantes;L54;14
Jovair Arantes;L55;14
Jovino Cândido;L52;31
Jozi Araújo;L55;27
Jozi Araújo;L56;1
João Alfredo;L52;25
João Almeida;L51;35
João Almeida;L52;26
João Almeida;L53;21
João Ananias;L54;33
João Arruda;L54;31
João Arruda;L55;37
João Batista;L52;13
João Bittar;L53;19
João Bittar;L54;19
João Caldas;L51;31
João Caldas;L52;13
João Caldas;L54;4
João Campos;L52;38
João Campos;L53;47
João Campos;L54;60
João Campos;L55;56
João Campos;L56;31
João Carlos Bacelar;L51;12
João Carlos Bacelar;L52;11
João Carlos Bacelar;L53;15
João Carlos Bacelar;L54;18
João Carlos Bacelar;L55;47
João Carlos Bacelar;L56;31
João Carlos Bacelar;L57;20
João Castelo;L51;22
João Castelo;L52;22
João Castelo;L55;6
João Colaço;L51;21
João Correia;L52;11
João Coser;L51;23
João Cury;L57;3
João Dado;L51;8
João Dado;L53;32
João Dado;L54;28
João Daniel;L55;36
João Daniel;L56;22
João Daniel;L57;18
João Derly;L55;39
João Fassarella;L51;8
João Fernando Coutinho;L55;31
João Fontes;L52;17
João Grandão;L51;33
João Grandão;L52;36
João Gualberto;L55;35
João H. Campos;L56;25
João Henrique;L51;21
João Herrmann;L51;21
João Herrmann;L52;15
João Herrmann;L53;2
João Leão;L51;18
João Leão;L52;19
João Leão;L53;13
João Leão;L54;20
João Leão;L57;9
João Lyra;L52;7
João Lyra;L54;11
João Magalhães;L51;17
João Magalhães;L52;18
João Magalhães;L53;29
João Magalhães;L54;23
João Magno;L51;19
João Magno;L52;14
João Maia;L53;20
João Maia;L54;21
João Maia;L56;16
João Maia;L57;12
João Marcelo Souza;L55;30
João Marcelo Souza;L56;27
João Matos;L51;18
João Matos;L52;18
João Matos;L53;16
João Mendes;L51;17
João Mendes de Jesus;L52;19
João Oliveira;L53;17
João Paulo Cunha;L51;26
João Paulo Cunha;L52;7
João Paulo Cunha;L53;14
João Paulo Cunha;L54;9
João Paulo Gomes da Silva;L52;26
João Paulo Kleinübing;L55;18
João Paulo Lima;L54;27
João Paulo Papa;L55;38
João Pizzolatti;L51;19
João Pizzolatti;L52;16
João Pizzolatti;L53;15
João Pizzolatti;L54;9
João Ribeiro;L51;30
João Rodrigues;L54;2
João Rodrigues;L55;33
João Roma;L56;25
João Sampaio;L51;23
João Tota;L51;32
João Tota;L52;19
Juarez Costa;L56;18
Juarez Costa;L57;11
Julia Zanatta;L57;30
Julian Lemos;L56;17
Julian Lemos;L57;1
Juliana Cardoso;L57;32
Juliana Kolankiewicz;L57;4
Julio Arcoverde;L57;21
Julio Cesar Ribeiro;L56;48
Julio Cesar Ribeiro;L57;26
Julio Lopes;L52;27
Julio Lopes;L54;4
Julio Lopes;L55;68
Julio Lopes;L56;13
Julio Lopes;L57;31
Julio Semeghini;L51;21
Julio Semeghini;L52;34
Julio Semeghini;L53;28
Julião Amin;L53;25
Julião Amin;L55;8
Juninho do Pneu;L56;22
Juninho do Pneu;L57;15
Junio Amaral;L56;18
Junio Amaral;L57;23
Junior Lourenço;L56;13
Junior Lourenço;L57;10
Junior Marreca;L55;53
Junior Marzola;L53;2
Junji Abe;L54;36
Junji Abe;L55;9
Juquinha;L51;30
Jurandil Juarez;L51;27
Jurandil Juarez;L52;1
Jurandil Juarez;L53;25
Jurandir Boia;L52;16
Jurandy Loureiro;L53;14
Juscelino Filho;L55;37
Juscelino Filho;L56;27
Juscelino Filho;L57;1
Jusmari Oliveira;L53;14
Jutahy Junior;L51;15
Jutahy Junior;L52;8
Jutahy Junior;L53;8
Jutahy Junior;L54;15
Jutahy Junior;L55;17
Juvenil;L53;3
Juíza Denise Frossard;L52;31
Jânio Natal;L54;20
Jéssica Sales;L55;15
Jéssica Sales;L56;16
Jô Moraes;L53;18
Jô Moraes;L54;37
Jô Moraes;L55;28
Jô Moraes;L56;1
Júlia Marinho;L55;18
Júlia Marinho;L56;1
Júlio Campos;L54;24
Júlio Cesar;L52;28
Júlio Cesar;L53;24
Júlio Cesar;L54;29
Júlio Cesar;L55;38
Júlio Cesar;L56;30
Júlio Cesar;L57;10
Júlio Delgado;L51;15
Júlio Delgado;L52;26
Júlio Delgado;L53;20
Júlio Delgado;L54;30
Júlio Delgado;L55;37
Júlio Delgado;L56;28
Júlio Oliveira;L57;5
Júlio Redecker;L51;16
Júlio Redecker;L52;27
Júlio Redecker;L53;4
Júnior Betão;L52;24
Júnior Coimbra;L54;26
Júnior Ferrari;L56;15
Júnior Ferrari;L57;12
Júnior Mano;L56;37
Júnior Mano;L57;29
Kaio Maniçoba;L55;35
Katia Dias;L57;4
Keiko Ota;L54;29
Keiko Ota;L55;47
Keiko Ota;L56;1
Kelly Moraes;L52;17
Keniston Braga;L57;14
Kiko Celeguim;L57;22
Kim Kataguiri;L56;51
Kim Kataguiri;L57;24
Kincas Mattos;L51;4
Kátia Abreu;L51;55
Kátia Abreu;L52;22
Lael Varella;L51;17
Lael Varella;L52;14
Lael Varella;L53;12
Lael Varella;L54;14
Laercio Oliveira;L54;45
Laercio Oliveira;L55;56
Laercio Oliveira;L56;30
Laerte Bessa;L53;29
Laerte Bessa;L55;42
Laerte Bessa;L56;4
Lafayette de Andrada;L56;45
Lafayette de Andrada;L57;22
Lamartine Posella;L51;14
Laudivio Carvalho;L55;52
Laura Carneiro;L51;33
Laura Carneiro;L52;58
Laura Carneiro;L55;79
Laura Carneiro;L56;1
Laura Carneiro;L57;44
Laurez Moreira;L53;15
Laurez Moreira;L54;11
Lauriete;L54;13
Lauriete;L56;21
Lavoisier Maia;L51;24
Lavoisier Maia;L52;6
Laíre Rosado;L51;20
Leandre;L55;41
Leandre;L56;30
Leandre;L57;1
Leandro Sampaio;L53;35
Leandro Vilela;L52;28
Leandro Vilela;L53;13
Leandro Vilela;L54;26
Lebrão;L57;10
Leda Sadala;L56;24
Lelo Coimbra;L53;27
Lelo Coimbra;L54;36
Lelo Coimbra;L55;44
Lenir de Assis;L57;3
Leo Alcântara;L51;31
Leo Alcântara;L52;22
Leo Alcântara;L53;22
Leo Prates;L57;36
Leo de Brito;L55;51
Leo de Brito;L56;13
Leodegar Tiscoski;L51;3
Leodegar Tiscoski;L52;32
Leomar Quintanilha;L54;4
Leonardo Gadelha;L54;29
Leonardo Gadelha;L56;8
Leonardo Gadelha;L57;2
Leonardo Mattos;L52;30
Leonardo Monteiro;L52;24
Leonardo Monteiro;L53;25
Leonardo Monteiro;L54;22
Leonardo Monteiro;L55;33
Leonardo Monteiro;L56;22
Leonardo Monteiro;L57;21
Leonardo Picciani;L52;22
Leonardo Picciani;L53;6
Leonardo Picciani;L54;25
Leonardo Picciani;L55;14
Leonardo Picciani;L56;14
Leonardo Quintão;L53;24
Leonardo Quintão;L54;29
Leonardo Quintão;L55;36
Leonardo Vilela;L52;16
Leonardo Vilela;L53;28
Leonardo Vilela;L54;2
Leopoldo Meyer;L54;29
Leopoldo Meyer;L55;27
Leur Lomanto;L51;20
Leur Lomanto Júnior;L56;43
Leur Lomanto Júnior;L57;22
Leônidas Cristino;L52;15
Leônidas Cristino;L55;26
Leônidas Cristino;L56;28
Leônidas Cristino;L57;26
Lidia Quinan;L51;31
Liliam Sá;L54;39
Lincoln Portela;L51;30
Lincoln Portela;L52;29
Lincoln Portela;L53;23
Lincoln Portela;L54;39
Lincoln Portela;L55;66
Lincoln Portela;L56;23
Lincoln Portela;L57;12
Lindbergh Farias;L52;16
Lindbergh Farias;L57;25
Lindomar Garçon;L53;25
Lindomar Garçon;L54;4
Lindomar Garçon;L55;32
Lino Rossi;L51;28
Lino Rossi;L52;8
Lira Maia;L53;19
Lira Maia;L54;24
Liziane Bayer;L56;24
Lobbe Neto;L52;21
Lobbe Neto;L53;25
Lobbe Neto;L55;29
Loester Trutis;L56;18
Loreny;L57;3
Lourival Gomes;L56;15
Lourival Mendes;L54;38
Luana Costa;L55;15
Luana Costa;L56;1
Lucas Follador;L56;3
Lucas Gonzalez;L56;36
Lucas Ramos;L57;26
Lucas Redecker;L56;38
Lucas Redecker;L57;17
Lucas Vergilio;L55;67
Lucas Vergilio;L56;41
Lucas Vergilio;L57;1
Lucenira Pimentel;L53;13
Luci Choinacki;L51;12
Luci Choinacki;L52;20
Luci Choinacki;L54;20
Luciana Costa;L53;15
Luciana Genro;L52;9
Luciana Genro;L53;20
Luciana Santos;L54;27
Luciana Santos;L55;20
Luciano Alves;L57;11
Luciano Amaral;L57;15
Luciano Azevedo;L57;19
Luciano Bivar;L51;18
Luciano Bivar;L55;8
Luciano Bivar;L56;8
Luciano Bivar;L57;7
Luciano Castro;L51;36
Luciano Castro;L52;28
Luciano Castro;L53;17
Luciano Castro;L54;26
Luciano Ducci;L55;38
Luciano Ducci;L56;27
Luciano Ducci;L57;11
Luciano Galego;L57;7
Luciano Leitoa;L52;32
Luciano Moreira;L54;7
Luciano Pizzatto;L51;25
Luciano Pizzatto;L53;14
Luciano Vieira;L57;27
Luciano Zica;L51;15
Luciano Zica;L52;21
Lucio Mosquini;L55;24
Lucio Mosquini;L56;21
Lucio Mosquini;L57;5
Lucio Vieira Lima;L54;28
Lucio Vieira Lima;L55;16
Lucyana Genésio;L57;6
Luis Barbosa;L51;36
Luis Carlos Gomes;L57;7
Luis Carlos Heinze;L51;19
Luis Carlos Heinze;L52;20
Luis Carlos Heinze;L53;22
Luis Carlos Heinze;L54;24
Luis Carlos Heinze;L55;26
Luis Miranda;L56;63
Luis Tibé;L54;13
Luis Tibé;L55;27
Luis Tibé;L56;22
Luis Tibé;L57;14
Luisa Canziani;L56;38
Luisa Canziani;L57;23
Luisinho;L51;20
Luiz Alberto;L51;13
Luiz Alberto;L52;22
Luiz Alberto;L53;17
Luiz Alberto;L54;22
Luiz Antonio Corrêa;L56;23
Luiz Antonio Corrêa;L57;5
Luiz Argôlo;L54;30
Luiz Bassuma;L52;20
Luiz Bassuma;L53;13
Luiz Bittencourt;L51;27
Luiz Bittencourt;L52;42
Luiz Bittencourt;L53;19
Luiz Carlos;L54;29
Luiz Carlos;L56;22
Luiz Carlos;L57;1
Luiz Carlos Busato;L53;34
Luiz Carlos Busato;L54;3
Luiz Carlos Busato;L55;28
Luiz Carlos Busato;L57;22
Luiz Carlos Hauly;L51;32
Luiz Carlos Hauly;L52;40
Luiz Carlos Hauly;L53;31
Luiz Carlos Hauly;L54;15
Luiz Carlos Hauly;L55;42
Luiz Carlos Hauly;L57;12
Luiz Carlos Motta;L56;36
Luiz Carlos Motta;L57;19
Luiz Carlos Ramos;L55;23
Luiz Carlos Santos;L52;16
Luiz Carlos Setim;L53;23
Luiz Carlos Setim;L54;17
Luiz Carreira;L52;37
Luiz Carreira;L53;28
Luiz Cláudio;L55;28
Luiz Cláudio;L56;2
Luiz Couto;L52;26
Luiz Couto;L53;27
Luiz Couto;L54;36
Luiz Couto;L55;26
Luiz Couto;L57;10
Luiz Dantas;L51;11
Luiz Dantas;L52;3
Luiz Durão;L51;8
Luiz Eduardo Greenhalgh;L51;16
Luiz Eduardo Greenhalgh;L52;18
Luiz Fernando Faria;L53;15
Luiz Fernando Faria;L54;16
Luiz Fernando Faria;L55;12
Luiz Fernando Faria;L57;11
Luiz Fernando Machado;L54;33
Luiz Fernando Vampiro;L57;7
Luiz Flávio Gomes;L56;6
Luiz Gastão;L57;54
Luiz Lauro Filho;L55;24
Luiz Lauro Filho;L56;2
Luiz Lima;L56;33
Luiz Lima;L57;22
Luiz Mainardi;L51;10
Luiz Moreira;L51;16
Luiz Nishimori;L54;18
Luiz Nishimori;L55;31
Luiz Nishimori;L56;17
Luiz Nishimori;L57;20
Luiz Noé;L54;14
Luiz Otavio;L54;4
Luiz Paulo Vellozo Lucas;L53;18
Luiz Philippe de Orleans e Bragança;L56;46
Luiz Philippe de Orleans e Bragança;L57;18
Luiz Piauhylino;L51;23
Luiz Piauhylino;L52;26
Luiz Pitiman;L54;19
Luiz Ribeiro;L51;28
Luiz Rogerio;L52;2
Luiz Salomão;L51;14
Luiz Sérgio;L51;21
Luiz Sérgio;L52;15
Luiz Sérgio;L53;15
Luiz Sérgio;L54;12
Luiz Sérgio;L55;22
Luiz de Deus;L54;5
Luiza Erundina;L51;15
Luiza Erundina;L52;31
Luiza Erundina;L53;24
Luiza Erundina;L54;30
Luiza Erundina;L55;28
Luiza Erundina;L56;25
Luiza Erundina;L57;13
Luizianne Lins;L55;27
Luizianne Lins;L56;20
Luizianne Lins;L57;10
Luizão Goulart;L56;28
Lula da Fonte;L57;15
Lupércio Ramos;L52;27
Lupércio Ramos;L53;10
Luzia Ferreira;L55;4
Lázaro Botelho;L53;16
Lázaro Botelho;L54;28
Lázaro Botelho;L55;28
Lázaro Botelho;L56;1
Lázaro Botelho;L57;5
Léo Moraes;L56;44
Léo Motta;L56;20
Léo Vivas;L53;24
Léo Vivas;L54;1
Lêda Borges;L57;21
Lídice da Mata;L53;13
Lídice da Mata;L56;37
Lídice da Mata;L57;36
Lúcia Braga;L52;15
Lúcia Vânia;L51;23
Lúcio Vale;L53;15
Lúcio Vale;L54;16
Lúcio Vale;L55;11
Macedo;L55;25
Magda Mofatto;L54;17
Magda Mofatto;L55;30
Magda Mofatto;L56;28
Magda Mofatto;L57;13
Magela;L51;35
Magela;L53;21
Magela;L54;5
Magno Malta;L51;20
Maia Filho;L53;21
Maia Filho;L55;33
Major Fabiana;L56;35
Major Fábio;L53;19
Major Fábio;L54;15
Major Olimpio;L55;56
Major Vitor Hugo;L56;24
Maluly Netto;L51;11
Mandetta;L54;46
Mandetta;L55;56
Maninha;L52;34
Manoel Castro;L51;9
Manoel Junior;L53;22
Manoel Junior;L54;35
Manoel Junior;L55;28
Manoel Salviano;L51;15
Manoel Salviano;L52;18
Manoel Salviano;L53;10
Manoel Salviano;L54;16
Manoel Vitório;L51;11
Manuel Marcos;L56;5
Manuel Rosa Neca;L54;10
Manuela D'ávila;L53;24
Manuela D'ávila;L54;18
Mara Gabrilli;L54;25
Mara Gabrilli;L55;19
Mara Gabrilli;L56;1
Mara Rocha;L56;25
Marangoni;L57;39
Marcel van Hattem;L56;41
Marcel van Hattem;L57;31
Marcelino Fraga;L52;23
Marcello Siqueira;L52;15
Marcelo Aguiar;L54;15
Marcelo Aguiar;L55;80
Marcelo Almeida;L53;21
Marcelo Almeida;L54;13
Marcelo Aro;L55;43
Marcelo Aro;L56;19
Marcelo Barbieri;L51;15
Marcelo Barbieri;L52;18
Marcelo Belinati;L55;9
Marcelo Brum;L56;20
Marcelo Calero;L56;40
Marcelo Calero;L57;1
Marcelo Castro;L51;13
Marcelo Castro;L52;32
Marcelo Castro;L53;19
Marcelo Castro;L54;25
Marcelo Castro;L55;25
Marcelo Crivella;L57;19
Marcelo Delaroli;L55;15
Marcelo Delaroli;L56;1
Marcelo Déda;L51;17
Marcelo Freixo;L56;32
Marcelo Guimarães Filho;L52;35
Marcelo Guimarães Filho;L53;16
Marcelo Guimarães Filho;L54;3
Marcelo Itagiba;L53;32
Marcelo Lima;L57;9
Marcelo Matos;L54;22
Marcelo Matos;L55;36
Marcelo Matos;L56;1
Marcelo Melo;L53;28
Marcelo Moraes;L56;34
Marcelo Moraes;L57;12
Marcelo Nilo;L56;22
Marcelo Ortiz;L52;38
Marcelo Ortiz;L53;38
Marcelo Ortiz;L55;2
Marcelo Queiroz;L57;19
Marcelo Ramos;L56;27
Marcelo Serafim;L53;14
Marcelo Squassoni;L55;32
Marcelo Squassoni;L56;1
Marcelo Teixeira;L51;10
Marcelo Teixeira;L52;14
Marcelo Teixeira;L53;18
Marcelo Álvaro Antônio;L55;25
Marcelo Álvaro Antônio;L56;9
Marcelo Álvaro Antônio;L57;10
Marcia Scherer;L56;1
Marcio Alvino;L55;15
Marcio Alvino;L56;18
Marcio Alvino;L57;7
Marcio Bittar;L51;25
Marcio Bittar;L54;11
Marcio Junqueira;L53;40
Marcio Junqueira;L54;25
Marcio Reinaldo Moreira;L51;33
Marcio Reinaldo Moreira;L52;38
Marcio Reinaldo Moreira;L53;29
Marcio Reinaldo Moreira;L54;14
Marco Antônio Cabral;L55;14
Marco Bertaiolli;L56;22
Marco Bertaiolli;L57;2
Marco Brasil;L56;3
Marco Brasil;L57;16
Marco Maia;L52;6
Marco Maia;L53;18
Marco Maia;L54;5
Marco Maia;L55;9
Marco Tebaldi;L54;12
Marco Tebaldi;L55;20
Marcon;L54;17
Marcon;L55;19
Marcon;L56;19
Marcon;L57;15
Marcondes Gadelha;L51;29
Marcondes Gadelha;L52;24
Marcondes Gadelha;L53;17
Marcondes Gadelha;L55;14
Marcos Abramo;L52;29
Marcos Abrão;L55;24
Marcos Afonso;L51;28
Marcos Antonio;L53;16
Marcos Aurélio Sampaio;L56;20
Marcos Aurélio Sampaio;L57;7
Marcos Cintra;L51;25
Marcos Lima;L51;6
Marcos Lima;L53;9
Marcos Medrado;L53;18
Marcos Medrado;L54;10
Marcos Montes;L53;31
Marcos Montes;L54;37
Marcos Montes;L55;31
Marcos Pacco;L55;3
Marcos Pereira;L56;13
Marcos Pereira;L57;12
Marcos Pollon;L57;31
Marcos Reategui;L55;56
Marcos Reategui;L56;1
Marcos Rogério;L54;52
Marcos Rogério;L55;59
Marcos Rolim;L51;25
Marcos Rotta;L55;11
Marcos Soares;L55;17
Marcos Soares;L56;25
Marcos Soares;L57;16
Marcos Tavares;L57;37
Marcos de Jesus;L51;20
Marcos de Jesus;L52;22
Marcus Pestana;L54;28
Marcus Pestana;L55;31
Marcus Vicente;L51;23
Marcus Vicente;L52;26
Marcus Vicente;L55;38
Marcão Gomes;L56;3
Marfiza Galvão;L55;1
Marfiza Galvão;L56;1
Margarete Coelho;L56;44
Margarida Salomão;L54;24
Margarida Salomão;L55;53
Margarida Salomão;L56;19
Maria Abadia;L51;31
Maria Arraes;L57;11
Maria Elvira;L51;10
Maria Helena;L52;22
Maria Helena;L53;17
Maria Helena;L55;36
Maria Helena;L56;1
Maria Lucia;L52;5
Maria Lucia Prandi;L54;3
Maria Lúcia Cardoso;L51;12
Maria Lúcia Cardoso;L52;5
Maria Lúcia Cardoso;L53;17
Maria Rosas;L56;29
Maria Rosas;L57;33
Maria do Carmo Lara;L51;17
Maria do Carmo Lara;L52;21
Maria do Carmo Lara;L53;9
Maria do Rosário;L52;25
Maria do Rosário;L53;26
Maria do Rosário;L54;6
Maria do Rosário;L55;45
Maria do Rosário;L56;29
Maria do Rosário;L57;19
Mariana Carvalho;L55;29
Mariana Carvalho;L56;36
Mariana Carvalho;L57;7
Marina Maggessi;L53;22
Marina Santanna;L54;32
Marina Santos;L56;23
Marinaldo Rosendo;L55;19
Marinha Raupp;L51;23
Marinha Raupp;L52;40
Marinha Raupp;L53;27
Marinha Raupp;L54;25
Marinha Raupp;L55;32
Marinha Raupp;L56;2
Mario Frias;L57;14
Marisa Serrano;L51;25
Mariângela Duarte;L52;31
Marllos Sampaio;L54;25
Marlon Santos;L56;19
Marquinho Mendes;L55;10
Marreca Filho;L56;25
Marreca Filho;L57;7
Marussa Boldrin;L57;21
Marx Beltrão;L55;22
Marx Beltrão;L56;28
Marx Beltrão;L57;19
Marçal Filho;L51;14
Marçal Filho;L53;6
Marçal Filho;L54;29
Marília Arraes;L56;21
Matheus Noronha;L57;12
Matteo Chiarelli;L53;5
Mattos Nascimento;L51;8
Mauricio Marcon;L57;26
Mauricio Neves;L57;13
Mauricio do Vôlei;L57;22
Maurilio Ferreira Lima;L51;5
Mauro Benevides;L51;25
Mauro Benevides;L52;35
Mauro Benevides;L53;27
Mauro Benevides;L54;34
Mauro Benevides;L55;5
Mauro Benevides Filho;L56;26
Mauro Benevides Filho;L57;19
Mauro Fecury;L51;19
Mauro Lopes;L51;8
Mauro Lopes;L52;31
Mauro Lopes;L53;28
Mauro Lopes;L54;28
Mauro Lopes;L55;28
Mauro Lopes;L56;30
Mauro Mariani;L53;5
Mauro Mariani;L54;19
Mauro Mariani;L55;27
Mauro Nazif;L53;16
Mauro Nazif;L54;13
Mauro Nazif;L56;22
Mauro Passos;L52;25
Mauro Pereira;L55;72
Maurício Carvalho;L57;17
Maurício Dziedricki;L56;30
Maurício Quintella Lessa;L52;15
Maurício Quintella Lessa;L53;28
Maurício Quintella Lessa;L54;20
Maurício Quintella Lessa;L55;15
Maurício Rabelo;L52;36
Maurício Rands;L52;31
Maurício Rands;L53;22
Maurício Trindade;L53;12
Maurício Trindade;L54;10
Max Filho;L55;21
Max Lemos;L57;24
Max Mauro;L51;16
Max Rosenmann;L51;24
Max Rosenmann;L52;37
Max Rosenmann;L53;11
Medeiros;L51;24
Medeiros;L52;28
Meire Serafim;L57;25
Mendes Ribeiro Filho;L51;17
Mendes Ribeiro Filho;L52;16
Mendes Ribeiro Filho;L53;26
Mendes Ribeiro Filho;L54;6
Mendonça Filho;L54;31
Mendonça Filho;L55;24
Mendonça Filho;L57;26
Mendonça Prado;L52;15
Mendonça Prado;L53;16
Mendonça Prado;L54;30
Merlong Solano;L56;20
Merlong Solano;L57;26
Mersinho Lucena;L57;26
Messias Donato;L57;29
Michel Temer;L51;6
Michel Temer;L52;11
Michel Temer;L53;6
Miguel Arraes;L52;3
Miguel Corrêa;L53;14
Miguel Corrêa;L54;10
Miguel Corrêa;L55;3
Miguel Haddad;L55;36
Miguel Haddad;L56;3
Miguel Lombardi;L55;25
Miguel Lombardi;L56;21
Miguel Lombardi;L57;10
Miguel Martini;L53;26
Miguel de Souza;L52;38
Miguel Ângelo;L57;17
Milton Barbosa;L51;13
Milton Barbosa;L52;13
Milton Barbosa;L53;3
Milton Cardias;L52;17
Milton Coelho;L56;21
Milton Monti;L51;27
Milton Monti;L52;30
Milton Monti;L53;14
Milton Monti;L54;30
Milton Monti;L55;51
Milton Temer;L51;22
Milton Vieira;L53;5
Milton Vieira;L56;16
Milton Vieira;L57;6
Miriam Reid;L51;15
Miriam Reid;L52;2
Miriquinho Batista;L54;24
Miro Teixeira;L51;4
Miro Teixeira;L52;4
Miro Teixeira;L53;11
Miro Teixeira;L54;35
Miro Teixeira;L55;13
Misael Varella;L55;15
Misael Varella;L56;17
Misael Varella;L57;8
Missionária Michele Collins;L57;5
Missionário José Olimpio;L54;21
Missionário José Olimpio;L55;17
Missionário José Olimpio;L57;2
Moacir Micheletto;L51;20
Moacir Micheletto;L52;20
Moacir Micheletto;L53;19
Moacir Micheletto;L54;10
Moema Gramacho;L55;24
Moises Avelino;L53;13
Moisés Diniz;L55;8
Moisés Lipnik;L51;2
Moisés Lipnik;L52;4
Moraes Souza;L52;8
Moreira Ferreira;L51;21
Moreira Franco;L52;23
Moreira Mendes;L53;67
Moreira Mendes;L54;68
Moroni Torgan;L51;26
Moroni Torgan;L52;16
Moroni Torgan;L55;14
Moses Rodrigues;L55;42
Moses Rodrigues;L56;19
Moses Rodrigues;L57;15
Murillo Gouvea;L57;18
Murilo Domingos;L51;22
Murilo Galdino;L57;20
Murilo Zauith;L52;34
Mussa Demes;L51;18
Mussa Demes;L52;26
Mussa Demes;L53;9
Márcio Biolchi;L55;4
Márcio Biolchi;L56;9
Márcio Biolchi;L57;2
Márcio Correa;L57;5
Márcio Fortes;L51;38
Márcio Fortes;L52;3
Márcio França;L53;12
Márcio França;L54;9
Márcio Honaiser;L57;24
Márcio Jerry;L56;30
Márcio Jerry;L57;16
Márcio Labre;L56;28
Márcio Macêdo;L54;31
Márcio Macêdo;L56;4
Márcio Marinho;L53;10
Márcio Marinho;L54;17
Márcio Marinho;L55;30
Márcio Marinho;L56;25
Márcio Marinho;L57;35
Márcio Matos;L51;27
Mário Assad Júnior;L51;20
Mário Assad Júnior;L52;21
Mário Feitoza;L54;7
Mário Heringer;L52;37
Mário Heringer;L53;24
Mário Heringer;L54;10
Mário Heringer;L55;23
Mário Heringer;L56;15
Mário Heringer;L57;15
Mário Negromonte;L51;17
Mário Negromonte;L52;33
Mário Negromonte;L53;8
Mário Negromonte;L54;24
Mário Negromonte Jr.;L55;46
Mário Negromonte Jr.;L56;15
Mário Negromonte Jr.;L57;11
Mário de Oliveira;L51;9
Mário de Oliveira;L53;9
Mário de Oliveira;L54;6
Múcio Sá;L51;17
Múcio Sá;L52;4
Nair Xavier Lobo;L51;27
Narcio Rodrigues;L51;27
Narcio Rodrigues;L52;28
Narcio Rodrigues;L53;11
Narcio Rodrigues;L54;1
Narciso Mendes;L52;4
Natan Donadon;L52;14
Natan Donadon;L53;12
Natan Donadon;L54;6
Natália Bonavides;L56;22
Natália Bonavides;L57;16
Nazareno Fonteles;L52;19
Nazareno Fonteles;L53;20
Nazareno Fonteles;L54;20
Neilton Mulim;L53;22
Neilton Mulim;L54;5
Neiva Moreira;L51;21
Neiva Moreira;L52;6
Nelho Bezerra;L56;6
Nelinho Freitas;L57;2
Nelo Rodolfo;L51;22
Nelson Barbudo;L56;21
Nelson Barbudo;L57;7
Nelson Bornier;L52;23
Nelson Bornier;L53;29
Nelson Bornier;L54;9
Nelson Goetten;L53;8
Nelson Marchezan;L51;25
Nelson Marchezan Junior;L54;41
Nelson Marchezan Junior;L55;37
Nelson Marquezelli;L51;22
Nelson Marquezelli;L52;36
Nelson Marquezelli;L53;9
Nelson Marquezelli;L54;24
Nelson Marquezelli;L55;70
Nelson Meurer;L51;22
Nelson Meurer;L52;26
Nelson Meurer;L53;33
Nelson Meurer;L54;22
Nelson Meurer;L55;12
Nelson Otoch;L51;23
Nelson Padovani;L54;25
Nelson Padovani;L55;8
Nelson Pellegrino;L51;25
Nelson Pellegrino;L52;20
Nelson Pellegrino;L53;18
Nelson Pellegrino;L54;27
Nelson Pellegrino;L55;11
Nelson Pellegrino;L56;11
Nelson Proença;L51;19
Nelson Proença;L52;19
Nelson Proença;L53;12
Nelson Trad;L51;17
Nelson Trad;L52;27
Nelson Trad;L53;17
Nely Aquino;L57;34
Nereu Crispim;L56;24
Neri Geller;L54;7
Neri Geller;L56;23
Neto Carletto;L57;23
Neucimar Fraga;L52;28
Neucimar Fraga;L53;11
Neucimar Fraga;L56;24
Neudo Campos;L53;16
Neuton Lima;L51;39
Neuton Lima;L52;20
Newton Bonin;L57;3
Newton Cardoso;L54;13
Newton Cardoso Jr;L55;34
Newton Cardoso Jr;L56;24
Newton Cardoso Jr;L57;14
Newton Lima;L54;37
Ney Leprevost;L56;11
Ney Lopes;L51;23
Ney Lopes;L52;18
Neyde Aparecida;L52;35
Nice Lobão;L51;24
Nice Lobão;L52;16
Nice Lobão;L53;10
Nice Lobão;L54;7
Nicias Ribeiro;L51;18
Nicias Ribeiro;L52;20
Nicoletti;L56;31
Nicoletti;L57;20
Nikolas Ferreira;L57;25
Nilda Gondim;L54;28
Nilmar Ruiz;L51;10
Nilmar Ruiz;L53;25
Nilmar Ruiz;L54;3
Nilmário Miranda;L51;16
Nilmário Miranda;L54;14
Nilmário Miranda;L55;1
Nilo Coelho;L51;17
Nilson F. Stainsack;L56;3
Nilson Leitão;L54;42
Nilson Leitão;L55;47
Nilson Mourão;L51;21
Nilson Mourão;L52;27
Nilson Mourão;L53;20
Nilson Pinto;L51;13
Nilson Pinto;L52;22
Nilson Pinto;L53;13
Nilson Pinto;L54;8
Nilson Pinto;L55;15
Nilson Pinto;L56;21
Nilto Tatto;L55;40
Nilto Tatto;L56;17
Nilto Tatto;L57;23
Nilton Baiano;L51;11
Nilton Baiano;L52;25
Nilton Capixaba;L51;15
Nilton Capixaba;L52;11
Nilton Capixaba;L54;23
Nilton Capixaba;L55;37
Nitinho;L57;9
Nivaldo Albuquerque;L55;12
Nivaldo Albuquerque;L56;30
Norberto Teixeira;L51;16
Norma Ayub;L55;14
Norma Ayub;L56;28
Norma Pereira;L56;6
Nélio Dias;L52;20
Nélio Dias;L53;3
Odair Cunha;L52;23
Odair Cunha;L53;11
Odair Cunha;L54;25
Odair Cunha;L56;30
Odair Cunha;L57;17
Odelmo Leão;L51;9
Odelmo Leão;L52;2
Odelmo Leão;L55;9
Odorico Monteiro;L55;78
Odorico Monteiro;L56;6
Odílio Balbinotti;L51;13
Odílio Balbinotti;L52;8
Odílio Balbinotti;L53;8
Odílio Balbinotti;L54;6
Olavo Calheiros;L51;18
Olavo Calheiros;L52;18
Olavo Calheiros;L53;7
Olimpio Pires;L51;20
Olival Marques;L56;20
Olival Marques;L57;9
Oliveira Filho;L51;17
Oliveira Filho;L52;24
Oliveira Filho;L54;6
Onofre Santo Agostini;L54;44
Onyx Lorenzoni;L52;34
Onyx Lorenzoni;L53;27
Onyx Lorenzoni;L54;52
Onyx Lorenzoni;L55;39
Onyx Lorenzoni;L56;8
Orlando Desconsi;L51;7
Orlando Desconsi;L52;19
Orlando Fantazzini;L51;18
Orlando Fantazzini;L52;22
Orlando Silva;L55;47
Orlando Silva;L56;68
Orlando Silva;L57;23
Oscar Andrade;L51;22
Osires Damaso;L56;32
Osmar Bertoldi;L55;17
Osmar Júnior;L53;15
Osmar Júnior;L54;19
Osmar Serraglio;L51;27
Osmar Serraglio;L52;37
Osmar Serraglio;L53;14
Osmar Serraglio;L54;43
Osmar Serraglio;L55;48
Osmar Serraglio;L56;4
Osmar Terra;L51;11
Osmar Terra;L52;3
Osmar Terra;L53;3
Osmar Terra;L54;26
Osmar Terra;L55;27
Osmar Terra;L56;19
Osmar Terra;L57;21
Osmânio Pereira;L51;22
Osmânio Pereira;L52;17
Ossesio Silva;L56;23
Ossesio Silva;L57;29
Osvaldo Biolchi;L51;24
Osvaldo Biolchi;L52;20
Osvaldo Biolchi;L53;5
Osvaldo Coelho;L51;19
Osvaldo Coelho;L52;13
Osvaldo Mafra;L55;2
Osvaldo Reis;L51;22
Osvaldo Reis;L52;18
Osvaldo Reis;L53;16
Osvaldo Reis;L54;8
Osvaldo Sobrinho;L51;12
Oswaldo Soler;L51;2
Osório Adriano;L51;6
Osório Adriano;L52;31
Osório Adriano;L53;20
Otavio Leite;L53;28
Otavio Leite;L54;35
Otavio Leite;L55;30
Otavio Leite;L56;37
Otoni de Paula;L56;38
Otoni de Paula;L57;19
Otoniel Lima;L54;27
Ottaci Nascimento;L56;21
Otto Alencar Filho;L56;27
Otto Alencar Filho;L57;12
Oziel Oliveira;L54;37
Padovani;L57;22
Padre João;L54;24
Padre João;L55;28
Padre João;L56;30
Padre João;L57;26
Padre Roque;L51;27
Padre Ton;L54;29
Paes Landim;L51;45
Paes Landim;L52;45
Paes Landim;L53;44
Paes Landim;L54;40
Paes Landim;L55;55
Paes Landim;L56;23
Paes de Lira;L53;12
Pastor Amarildo;L51;20
Pastor Amarildo;L52;16
Pastor Claudio Mariano;L57;6
Pastor Diniz;L57;23
Pastor Eurico;L54;42
Pastor Eurico;L55;66
Pastor Eurico;L56;37
Pastor Eurico;L57;18
Pastor Francisco Olímpio;L52;25
Pastor Frankembergen;L52;19
Pastor Gil;L56;27
Pastor Gil;L57;21
Pastor Henrique Vieira;L57;20
Pastor Luciano Braga;L55;14
Pastor Manoel Ferreira;L53;17
Pastor Pedro Ribeiro;L52;20
Pastor Pedro Ribeiro;L53;13
Pastor Reinaldo;L52;21
Pastor Sargento Isidório;L56;14
Pastor Sargento Isidório;L57;13
Patricia Ferraz;L56;7
Patrus Ananias;L52;7
Patrus Ananias;L55;22
Patrus Ananias;L56;20
Patrus Ananias;L57;10
Pauderney Avelino;L51;26
Pauderney Avelino;L52;32
Pauderney Avelino;L54;23
Pauderney Avelino;L55;30
Pauderney Avelino;L57;11
Paula Belmonte;L56;51
Paulinho Freire;L57;8
Paulinho da Força;L53;12
Paulinho da Força;L54;10
Paulinho da Força;L55;26
Paulinho da Força;L56;19
Paulinho da Força;L57;8
Paulo Abi-Ackel;L53;26
Paulo Abi-Ackel;L54;21
Paulo Abi-Ackel;L55;34
Paulo Abi-Ackel;L56;25
Paulo Abi-Ackel;L57;8
Paulo Afonso;L52;22
Paulo Alexandre Barbosa;L57;17
Paulo Azi;L55;35
Paulo Azi;L56;38
Paulo Azi;L57;14
Paulo Baltazar;L51;17
Paulo Baltazar;L52;18
Paulo Bauer;L52;22
Paulo Bauer;L53;2
Paulo Bengtson;L56;30
Paulo Bernardo;L52;15
Paulo Bornhausen;L53;27
Paulo Bornhausen;L54;5
Paulo Braga;L51;24
Paulo Cesar Quartiero;L54;33
Paulo Delgado;L51;18
Paulo Delgado;L52;22
Paulo Delgado;L53;4
Paulo Eduardo Martins;L55;7
Paulo Eduardo Martins;L56;29
Paulo Feijó;L51;25
Paulo Feijó;L52;11
Paulo Feijó;L54;12
Paulo Feijó;L55;14
Paulo Ferreira;L54;13
Paulo Folletto;L54;42
Paulo Folletto;L55;42
Paulo Folletto;L56;4
Paulo Folletto;L57;16
Paulo Freire Costa;L54;25
Paulo Freire Costa;L55;34
Paulo Freire Costa;L56;14
Paulo Freire Costa;L57;5
Paulo Ganime;L56;56
Paulo Gouvêa;L51;39
Paulo Gouvêa;L52;16
Paulo Guedes;L56;22
Paulo Guedes;L57;19
Paulo Henrique Lustosa;L53;30
Paulo Henrique Lustosa;L54;4
Paulo Henrique Lustosa;L55;11
Paulo Kobayashi;L51;20
Paulo Kobayashi;L52;12
Paulo Lemos;L57;6
Paulo Lessa;L51;1
Paulo Lima;L51;19
Paulo Lima;L52;21
Paulo Lima;L53;3
Paulo Litro;L57;19
Paulo Magalhães;L51;28
Paulo Magalhães;L52;22
Paulo Magalhães;L53;12
Paulo Magalhães;L54;15
Paulo Magalhães;L55;16
Paulo Magalhães;L56;21
Paulo Magalhães;L57;17
Paulo Maluf;L53;18
Paulo Maluf;L54;14
Paulo Maluf;L55;8
Paulo Marinho;L51;27
Paulo Marinho;L52;29
Paulo Marinho Jr;L54;1
Paulo Marinho Jr;L56;4
Paulo Marinho Jr;L57;9
Paulo Mourão;L51;23
Paulo Octávio;L51;32
Paulo Paim;L51;20
Paulo Piau;L53;21
Paulo Piau;L54;11
Paulo Pimenta;L52;26
Paulo Pimenta;L53;31
Paulo Pimenta;L54;30
Paulo Pimenta;L55;34
Paulo Pimenta;L56;19
Paulo Pimenta;L57;5
Paulo Ramos;L56;37
Paulo Rattes;L52;2
Paulo Rattes;L53;8
Paulo Rattes;L54;2
Paulo Renato Souza;L53;11
Paulo Roberto Pereira;L53;23
Paulo Rocha;L51;20
Paulo Rocha;L52;15
Paulo Rocha;L53;19
Paulo Rubem Santiago;L52;30
Paulo Rubem Santiago;L53;35
Paulo Rubem Santiago;L54;43
Paulo Teixeira;L53;27
Paulo Teixeira;L54;25
Paulo Teixeira;L55;48
Paulo Teixeira;L56;46
Paulo Vicente Caleffi;L56;10
Paulo Wagner;L54;18
Paulo de Almeida;L51;12
Paulão;L54;21
Paulão;L55;29
Paulão;L56;16
Paulão;L57;20
Pedro Aihara;L57;22
Pedro Augusto Bezerra;L56;39
Pedro Augusto Palareti;L56;4
Pedro Bittencourt;L51;28
Pedro Campos;L57;30
Pedro Canedo;L51;26
Pedro Canedo;L52;35
Pedro Celso;L51;31
Pedro Chaves;L51;24
Pedro Chaves;L52;27
Pedro Chaves;L53;32
Pedro Chaves;L54;25
Pedro Chaves;L55;36
Pedro Corrêa;L51;23
Pedro Corrêa;L52;23
Pedro Cunha Lima;L55;34
Pedro Cunha Lima;L56;24
Pedro Dalua;L56;9
Pedro Eugênio;L51;35
Pedro Eugênio;L53;29
Pedro Eugênio;L54;16
Pedro Fernandes;L51;20
Pedro Fernandes;L52;21
Pedro Fernandes;L53;23
Pedro Fernandes;L54;6
Pedro Fernandes;L55;26
Pedro Guerra;L54;7
Pedro Henry;L51;24
Pedro Henry;L52;11
Pedro Henry;L53;12
Pedro Henry;L54;2
Pedro Irujo;L51;17
Pedro Irujo;L52;13
Pedro Jr;L57;3
Pedro Lucas Fernandes;L56;26
Pedro Lucas Fernandes;L57;15
Pedro Lupion;L56;47
Pedro Lupion;L57;16
Pedro Novais;L51;31
Pedro Novais;L52;21
Pedro Novais;L53;15
Pedro Novais;L54;13
Pedro Paulo;L54;7
Pedro Paulo;L55;13
Pedro Paulo;L56;28
Pedro Paulo;L57;12
Pedro Pedrossian;L51;21
Pedro Tourinho;L57;2
Pedro Uczai;L54;23
Pedro Uczai;L55;38
Pedro Uczai;L56;30
Pedro Uczai;L57;33
Pedro Valadares;L51;18
Pedro Valadares;L53;2
Pedro Vilela;L55;29
Pedro Vilela;L56;23
Pedro Westphalen;L56;35
Pedro Westphalen;L57;23
Pedro Wilson;L51;16
Pedro Wilson;L53;28
Penna;L54;18
Penna;L55;5
Pepe Vargas;L53;23
Pepe Vargas;L54;8
Pepe Vargas;L55;24
Pepe Vargas;L56;1
Perpétua Almeida;L52;44
Perpétua Almeida;L53;21
Perpétua Almeida;L54;34
Perpétua Almeida;L56;48
Pezenti;L57;11
Philemon Rodrigues;L51;23
Philemon Rodrigues;L52;18
Pimentel Gomes;L51;9
Pinheirinho;L56;23
Pinheirinho;L57;14
Pinheiro Landim;L51;22
Pinto Itamaraty;L53;25
Pinto Itamaraty;L54;15
Plínio Valério;L54;4
Policarpo;L54;49
Policial Katia Sastre;L56;36
Pollyana Gama;L55;15
Pompeo de Mattos;L51;29
Pompeo de Mattos;L52;25
Pompeo de Mattos;L53;22
Pompeo de Mattos;L55;55
Pompeo de Mattos;L56;49
Pompeo de Mattos;L57;20
Pr. Marco Feliciano;L54;25
Pr. Marco Feliciano;L55;43
Pr. Marco Feliciano;L56;23
Pr. Marco Feliciano;L57;20
Priscila Costa;L57;7
Prof. Gedeão Amorim;L55;4
Prof. Paulo Fernando;L57;42
Prof. Reginaldo Veras;L57;24
Professor Alcides;L56;22
Professor Alcides;L57;14
Professor Irapuan Teixeira;L52;29
Professor Israel Batista;L56;44
Professor Joziel;L56;26
Professor Luizinho;L51;28
Professor Luizinho;L52;20
Professor Ruy Pauletti;L53;16
Professor Setimo;L53;25
Professor Setimo;L54;34
Professor Sérgio de Oliveira;L54;13
Professor Sérgio de Oliveira;L55;1
Professor Victório Galli;L53;3
Professor Victório Galli;L54;2
Professor Victório Galli;L55;55
Professora Dayane Pimentel;L56;25
Professora Dorinha Seabra Rezende;L54;50
Professora Dorinha Seabra Rezende;L55;57
Professora Dorinha Seabra Rezende;L56;42
Professora Goreth;L57;30
Professora Luciene Cavalcante;L57;34
Professora Marcivania;L54;4
Professora Marcivania;L55;24
Professora Marcivania;L56;24
Professora Marcivania;L57;2
Professora Raquel Teixeira;L52;32
Professora Raquel Teixeira;L53;28
Professora Rosa Neide;L56;30
Promotor Afonso Gil;L52;16
Rachel Marques;L56;3
Rafael Brito;L57;20
Rafael Fera;L57;4
Rafael Greca;L51;5
Rafael Guerra;L51;25
Rafael Guerra;L52;29
Rafael Guerra;L53;13
Rafael Motta;L55;40
Rafael Motta;L56;28
Rafael Prudente;L57;16
Rafael Simoes;L57;29
Rafafá;L56;6
Raimundo Colombo;L51;26
Raimundo Costa;L56;16
Raimundo Costa;L57;10
Raimundo Gomes de Matos;L51;27
Raimundo Gomes de Matos;L52;2
Raimundo Gomes de Matos;L53;31
Raimundo Gomes de Matos;L54;37
Raimundo Gomes de Matos;L55;72
Raimundo Santos;L51;29
Raimundo Santos;L52;23
Raimundo Santos;L57;19
Raimundão;L54;6
Rainel Barbosa;L51;4
Raniery Paulino;L57;7
Raquel Muniz;L55;83
Raquel Muniz;L56;1
Ratinho Junior;L53;9
Ratinho Junior;L54;9
Raul Henry;L53;15
Raul Henry;L54;30
Raul Henry;L56;26
Raul Jungmann;L52;22
Raul Jungmann;L53;34
Raul Jungmann;L55;15
Raul Lima;L54;18
Rebecca Garcia;L53;29
Rebecca Garcia;L54;28
Reginaldo Germano;L51;24
Reginaldo Germano;L52;25
Reginaldo Lopes;L52;29
Reginaldo Lopes;L53;21
Reginaldo Lopes;L54;20
Reginaldo Lopes;L55;43
Reginaldo Lopes;L56;40
Reginaldo Lopes;L57;29
Reginete Bispo;L57;17
Regis Cavalcante;L51;40
Regis de Oliveira;L53;34
Reguffe;L54;7
Reimont;L57;31
Reinaldo Azambuja;L54;38
Reinaldo Betão;L52;32
Reinaldo Gripp;L51;3
Reinaldo Gripp;L52;4
Reinaldo Nogueira;L53;6
Reinhold Stephanes;L52;1
Reinhold Stephanes;L53;4
Reinhold Stephanes;L54;10
Reinhold Stephanes;L55;9
Reinhold Stephanes;L56;21
Reinhold Stephanes;L57;14
Rejane Dias;L55;7
Rejane Dias;L56;33
Remi Trinta;L51;19
Remi Trinta;L52;11
Remídio Monai;L55;26
Renan Ferreirinha;L57;4
Renan Filho;L54;18
Renata Abreu;L55;43
Renata Abreu;L56;35
Renata Abreu;L57;31
Renato Amary;L53;22
Renato Andrade;L54;10
Renato Andrade;L55;9
Renato Casagrande;L52;37
Renato Cozzolino;L52;18
Renato Molling;L53;18
Renato Molling;L54;28
Renato Molling;L55;21
Renato Molling;L56;2
Renato Silva;L51;2
Renato Simões;L54;20
Renato Vianna;L51;20
Renilce Nicodemos;L57;17
Renildo Calheiros;L52;19
Renildo Calheiros;L53;3
Renildo Calheiros;L56;18
Renildo Calheiros;L57;14
Renildo Leal;L51;31
Renzo Braz;L54;23
Renzo Braz;L55;24
Ribamar Alves;L52;25
Ribamar Alves;L53;12
Ribamar Alves;L54;8
Ribamar Silva;L57;8
Ricardo Abrão;L57;33
Ricardo Archer;L54;1
Ricardo Arruda;L54;9
Ricardo Ayres;L57;18
Ricardo Barros;L51;20
Ricardo Barros;L52;26
Ricardo Barros;L53;19
Ricardo Barros;L55;19
Ricardo Barros;L56;18
Ricardo Barros;L57;3
Ricardo Bentinho;L55;7
Ricardo Berzoini;L51;23
Ricardo Berzoini;L52;3
Ricardo Berzoini;L53;15
Ricardo Berzoini;L54;28
Ricardo Ferraço;L51;29
Ricardo Fiuza;L51;21
Ricardo Fiuza;L52;19
Ricardo Guidi;L56;15
Ricardo Guidi;L57;8
Ricardo Izar;L51;26
Ricardo Izar;L52;28
Ricardo Izar;L53;4
Ricardo Izar;L54;26
Ricardo Izar;L55;45
Ricardo Izar;L56;22
Ricardo Maia;L57;18
Ricardo Maranhão;L51;5
Ricardo Noronha;L51;14
Ricardo Pericar;L56;4
Ricardo Quirino;L53;8
Ricardo Quirino;L54;5
Ricardo Rique;L51;19
Ricardo Rique;L52;18
Ricardo Salles;L57;15
Ricardo Santos;L52;2
Ricardo Silva;L56;20
Ricardo Silva;L57;12
Ricardo Teobaldo;L55;12
Ricardo Teobaldo;L56;17
Ricardo Teobaldo;L57;1
Ricardo Tripoli;L53;14
Ricardo Tripoli;L54;21
Ricardo Tripoli;L55;24
Ricardo da Karol;L56;7
Ricarte de Freitas;L51;28
Ricarte de Freitas;L52;31
Ricarte de Freitas;L53;1
Rita Camata;L51;18
Rita Camata;L53;28
Roberta Roma;L57;25
Roberto Alves;L53;8
Roberto Alves;L55;26
Roberto Alves;L56;25
Roberto Alves;L57;1
Roberto Argenta;L51;25
Roberto Balestra;L51;28
Roberto Balestra;L52;17
Roberto Balestra;L53;9
Roberto Balestra;L54;30
Roberto Balestra;L55;32
Roberto Brant;L51;21
Roberto Brant;L52;16
Roberto Britto;L53;23
Roberto Britto;L54;31
Roberto Britto;L55;18
Roberto Dorner;L54;10
Roberto Duarte;L57;16
Roberto Freire;L52;13
Roberto Freire;L54;14
Roberto Freire;L55;11
Roberto Gouveia;L52;23
Roberto Góes;L55;23
Roberto Jefferson;L51;20
Roberto Jefferson;L52;15
Roberto John;L51;3
Roberto Magalhães;L52;27
Roberto Magalhães;L53;18
Roberto Monteiro Pai;L57;24
Roberto Pessoa;L51;26
Roberto Pessoa;L52;14
Roberto Pessoa;L56;10
Roberto Rocha;L51;19
Roberto Rocha;L53;16
Roberto Sales;L55;30
Roberto Santiago;L53;24
Roberto Santiago;L54;24
Roberto Teixeira;L54;31
Roberto Teixeira;L55;2
Roberto de Lucena;L54;28
Roberto de Lucena;L55;23
Roberto de Lucena;L56;22
Robinson Almeida;L55;17
Robinson Faria;L57;10
Robson Tuma;L51;31
Robson Tuma;L52;26
Robério Araújo;L51;28
Robério Monteiro;L56;21
Robério Monteiro;L57;5
Robério Nunes;L52;20
Rocha;L55;45
Rocha;L56;1
Rodolfo Nogueira;L57;17
Rodovalho;L53;9
Rodrigo Agostinho;L56;27
Rodrigo Agostinho;L57;1
Rodrigo Bethlem;L54;7
Rodrigo Coelho;L56;47
Rodrigo Estacho;L57;16
Rodrigo Gambale;L57;29
Rodrigo Garcia;L54;5
Rodrigo Garcia;L55;2
Rodrigo Maia;L51;26
Rodrigo Maia;L52;31
Rodrigo Maia;L53;12
Rodrigo Maia;L54;44
Rodrigo Maia;L55;23
Rodrigo Maia;L56;10
Rodrigo Martins;L55;48
Rodrigo Martins;L56;1
Rodrigo Pacheco;L55;20
Rodrigo Rocha Loures;L53;27
Rodrigo Rocha Loures;L55;1
Rodrigo Rollemberg;L53;33
Rodrigo Rollemberg;L57;5
Rodrigo Valadares;L57;26
Rodrigo da Zaeli;L57;15
Rodrigo de Castro;L53;24
Rodrigo de Castro;L54;18
Rodrigo de Castro;L55;20
Rodrigo de Castro;L56;33
Rodrigo de Castro;L57;12
Rogerio Lisboa;L53;16
Rogerio Silva;L52;9
Rogerio Silva;L53;2
Rogéria Santos;L57;24
Rogério Carvalho;L54;32
Rogério Correia;L56;31
Rogério Correia;L57;15
Rogério Marinho;L53;16
Rogério Marinho;L54;23
Rogério Marinho;L55;43
Rogério Peninha Mendonça;L54;26
Rogério Peninha Mendonça;L55;29
Rogério Peninha Mendonça;L56;22
Rogério Rosso;L55;41
Rogério Silva;L55;1
Rogério Teófilo;L52;28
Roland Lavigne;L51;25
Roman;L55;71
Roman;L56;37
Romanna Remor;L54;2
Romel Anizio;L51;26
Romel Anizio;L52;25
Romero Rodrigues;L54;12
Romero Rodrigues;L57;18
Romeu Queiroz;L51;15
Romeu Queiroz;L52;18
Rommel Feijó;L51;18
Rommel Feijó;L52;9
Romário;L54;11
Ronaldo Benedet;L54;25
Ronaldo Benedet;L55;41
Ronaldo Benedet;L56;2
Ronaldo Caiado;L51;32
Ronaldo Caiado;L52;29
Ronaldo Caiado;L53;23
Ronaldo Caiado;L54;51
Ronaldo Carletto;L55;15
Ronaldo Carletto;L56;13
Ronaldo Cezar Coelho;L51;15
Ronaldo Cezar Coelho;L52;4
Ronaldo Cunha Lima;L52;1
Ronaldo Cunha Lima;L53;4
Ronaldo Dimas;L52;28
Ronaldo Fonseca;L54;34
Ronaldo Fonseca;L55;36
Ronaldo Leite;L53;1
Ronaldo Lessa;L55;37
Ronaldo Martins;L55;28
Ronaldo Martins;L56;5
Ronaldo Nogueira;L54;32
Ronaldo Nogueira;L55;32
Ronaldo Nogueira;L57;24
Ronaldo Santos;L51;1
Ronaldo Vasconcellos;L51;48
Ronaldo Vasconcellos;L52;19
Ronaldo Zulke;L54;18
Ronivon Santiago;L52;19
Rosana Valle;L56;25
Rosana Valle;L57;16
Rosane Ferreira;L54;51
Rosangela Gomes;L55;32
Rosangela Gomes;L56;24
Rosangela Gomes;L57;3
Rosangela Moro;L57;17
Rose Modesto;L56;18
Rose de Freitas;L51;9
Rose de Freitas;L52;29
Rose de Freitas;L53;23
Rose de Freitas;L54;24
Roseana Sarney;L57;8
Rosinha da Adefal;L54;32
Rosinha da Adefal;L55;21
Rossoni;L55;6
Rossoni;L56;4
Rosângela Curado;L55;6
Rosângela Reis;L57;36
Rrenato Queiroz;L56;5
Rubem Medina;L51;22
Rubens Bueno;L51;26
Rubens Bueno;L54;22
Rubens Bueno;L55;36
Rubens Bueno;L56;22
Rubens Bueno;L57;1
Rubens Furlan;L51;22
Rubens Otoni;L52;43
Rubens Otoni;L53;21
Rubens Otoni;L54;23
Rubens Otoni;L55;41
Rubens Otoni;L56;26
Rubens Otoni;L57;16
Rubens Pereira Júnior;L55;43
Rubens Pereira Júnior;L56;22
Rubens Pereira Júnior;L57;17
Rubinelli;L52;14
Rui Costa;L54;7
Rui Falcão;L56;26
Rui Falcão;L57;11
Rui Palmeira;L54;13
Ruy Carneiro;L54;10
Ruy Carneiro;L56;18
Ruy Carneiro;L57;9
Rômulo Gouveia;L53;34
Rômulo Gouveia;L54;2
Rômulo Gouveia;L55;49
Rôney Nemer;L55;27
Sabino Castelo Branco;L53;20
Sabino Castelo Branco;L54;18
Sabino Castelo Branco;L55;5
Salatiel Carvalho;L51;30
Salatiel Carvalho;L52;2
Salomão Cruz;L51;23
Salomão Gurgel;L51;9
Salvador Zimbaldi;L51;14
Salvador Zimbaldi;L52;14
Salvador Zimbaldi;L54;16
Sampaio Dória;L51;17
Samuel Moreira;L55;13
Samuel Moreira;L56;25
Samuel Moreira;L57;1
Samuel Santos;L57;3
Samuel Viana;L57;21
Sanderson;L56;45
Sanderson;L57;24
Sandes Júnior;L52;29
Sandes Júnior;L53;16
Sandes Júnior;L54;43
Sandes Júnior;L55;28
Sandra Rosado;L52;28
Sandra Rosado;L53;16
Sandra Rosado;L54;41
Sandro Alex;L54;32
Sandro Alex;L55;48
Sandro Alex;L56;5
Sandro Mabel;L52;34
Sandro Mabel;L53;23
Sandro Mabel;L54;27
Sandro Matos;L52;20
Sandro Matos;L53;3
Santini;L56;44
Santos Filho;L51;16
Saraiva Felipe;L51;7
Saraiva Felipe;L52;6
Saraiva Felipe;L53;8
Saraiva Felipe;L54;14
Saraiva Felipe;L55;19
Sargento Alexandre;L56;6
Sargento Fahur;L56;12
Sargento Fahur;L57;10
Sargento Gonçalves;L57;22
Sargento Portugal;L57;30
Sarney Filho;L51;3
Sarney Filho;L52;38
Sarney Filho;L53;27
Sarney Filho;L54;42
Sarney Filho;L55;36
Saturnino Masson;L53;4
Saullo Vianna;L57;14
Saulo Coelho;L51;11
Saulo Pedrosa;L51;29
Saulo Pedroso;L57;10
Schiavinato;L56;17
Sebastião Bala Rocha;L53;36
Sebastião Bala Rocha;L54;39
Sebastião Madeira;L51;30
Sebastião Madeira;L52;23
Sebastião Madeira;L53;7
Sebastião Oliveira;L55;4
Sebastião Oliveira;L56;16
Sebastião Oliveira;L57;1
Selma Schons;L52;33
Serafim Venzon;L51;9
Serafim Venzon;L52;8
Sergio Guerra;L51;16
Sergio Guerra;L54;14
Sergio Petecão;L53;15
Sergio Souza;L55;38
Sergio Souza;L56;18
Sergio Souza;L57;12
Sergio Toledo;L56;16
Sergio Vidigal;L55;47
Sergio Vidigal;L56;25
Sergio Zveiter;L54;25
Sergio Zveiter;L55;14
Severiano Alves;L52;52
Severiano Alves;L53;18
Severino Cavalcanti;L51;6
Severino Cavalcanti;L52;4
Severino Ninho;L54;31
Severino Ninho;L55;36
Severino Pessoa;L56;10
Shéridan;L55;32
Shéridan;L56;17
Sibá Machado;L54;48
Sibá Machado;L55;8
Sidney Leite;L56;33
Sidney Leite;L57;27
Sigmaringa Seixas;L52;15
Silas Brasileiro;L51;28
Silas Brasileiro;L52;18
Silas Brasileiro;L53;6
Silas Brasileiro;L54;4
Silas Brasileiro;L55;29
Silas Câmara;L51;26
Silas Câmara;L52;16
Silas Câmara;L53;16
Silas Câmara;L54;27
Silas Câmara;L55;31
Silas Câmara;L56;24
Silas Câmara;L57;27
Silas Freire;L55;54
Silvia Cristina;L56;35
Silvia Cristina;L57;38
Silvia Waiãpi;L57;25
Silvinho Peccioli;L53;11
Silvio Antonio;L57;11
Silvio Costa;L53;21
Silvio Costa;L54;23
Silvio Costa;L55;23
Silvio Costa Filho;L56;38
Silvio Costa Filho;L57;7
Silvio Lopes;L53;20
Silvio Torres;L51;25
Silvio Torres;L52;10
Silvio Torres;L53;23
Silvio Torres;L54;6
Silvio Torres;L55;36
Silvye Alves;L57;19
Simone Marquetto;L57;25
Simone Morgado;L55;21
Simone Morgado;L56;1
Simplício Araújo;L54;26
Simplício Mário;L52;14
Simão Sessim;L51;27
Simão Sessim;L52;15
Simão Sessim;L53;24
Simão Sessim;L54;17
Simão Sessim;L55;21
Socorro Gomes;L51;13
Socorro Gomes;L52;4
Socorro Neri;L57;32
Solange Almeida;L53;22
Solange Almeida;L54;6
Solange Amaral;L53;28
Sonize Barbosa;L57;21
Soraya Santos;L55;41
Soraya Santos;L56;26
Soraya Santos;L57;28
Stefano Aguiar;L54;17
Stefano Aguiar;L55;17
Stefano Aguiar;L56;11
Stefano Aguiar;L57;14
Stepan Nercessian;L54;34
Subtenente Gonzaga;L54;3
Subtenente Gonzaga;L55;55
Subtenente Gonzaga;L56;37
Sueli Vidigal;L53;26
Sueli Vidigal;L54;17
Suely;L53;12
Suely Campos;L52;25
Synval Guazzelli;L51;8
Sá;L51;42
Sá;L52;25
Sá;L53;1
Ságuas Moraes;L54;16
Ságuas Moraes;L55;28
Ságuas Moraes;L56;1
Sâmia Bomfim;L56;44
Sâmia Bomfim;L57;32
Sérgio Barcellos;L51;38
Sérgio Barradas Carneiro;L53;16
Sérgio Barradas Carneiro;L54;12
Sérgio Barros;L51;24
Sérgio Brito;L53;17
Sérgio Brito;L54;23
Sérgio Brito;L55;20
Sérgio Brito;L56;18
Sérgio Brito;L57;1
Sérgio Caiado;L52;17
Sérgio Carvalho;L51;30
Sérgio Carvalho;L52;3
Sérgio Miranda;L51;24
Sérgio Miranda;L52;27
Sérgio Moraes;L53;19
Sérgio Moraes;L54;13
Sérgio Moraes;L55;14
Sérgio Novais;L51;27
Sérgio Reis;L51;33
Sérgio Reis;L55;14
Sóstenes Cavalcante;L55;60
Sóstenes Cavalcante;L56;30
Sóstenes Cavalcante;L57;6
TALVANE ALBUQUERQUE;L51;1
Tabata Amaral;L56;43
Tabata Amaral;L57;34
Tadeu Alencar;L55;49
Tadeu Alencar;L56;32
Tadeu Filippelli;L51;11
Tadeu Filippelli;L52;11
Tadeu Filippelli;L53;19
Tadeu Filippelli;L56;1
Tadeu Oliveira;L57;6
Tadeu Veneri;L57;22
Takayama;L52;15
Takayama;L53;15
Takayama;L54;30
Takayama;L55;28
Takayama;L56;2
Talíria Petrone;L56;31
Talíria Petrone;L57;42
Tampinha;L55;5
Tarcísio Motta;L57;26
Tarcísio Zimmermann;L51;3
Tarcísio Zimmermann;L52;20
Tarcísio Zimmermann;L53;12
Tatico;L52;10
Tatico;L53;11
Taumaturgo Lima;L54;17
Ted Conti;L56;17
Telma Pinheiro;L54;4
Telma de Souza;L51;21
Telma de Souza;L52;26
Telmo Kirst;L51;17
Tenente Lúcio;L55;19
Teresa Surita;L54;18
Tereza Cristina;L55;37
Tereza Cristina;L56;9
Tereza Nelma;L56;57
Terezinha Fernandes;L52;21
Teté Bezerra;L51;17
Teté Bezerra;L52;21
Thaís Barbosa;L52;6
Thelma de Oliveira;L52;34
Thelma de Oliveira;L53;17
Themístocles Sampaio;L51;17
Themístocles Sampaio;L53;3
Thiago Flores;L57;15
Thiago Peixoto;L54;5
Thiago Peixoto;L55;30
Thiago de Joaldo;L57;28
Tia Eron;L55;26
Tia Eron;L56;10
Tiago Andrino;L56;3
Tiago Dimas;L56;34
Tiago Dimas;L57;4
Tiago Mitraud;L56;48
Tilden Santiago;L51;11
Tiririca;L54;6
Tiririca;L55;4
Tiririca;L56;8
Tiririca;L57;4
Tito;L56;15
Tião Medeiros;L57;16
Tonha Magalhães;L53;19
Toninho Pinheiro;L54;26
Toninho Pinheiro;L55;30
Toninho Wandscheer;L55;33
Toninho Wandscheer;L56;16
Toninho Wandscheer;L57;7
Totonho Lopes;L56;8
Tânia Soares;L51;14
Túlio Gadêlha;L56;41
Túlio Gadêlha;L57;27
Ubiratan Aguiar;L51;6
Udson Bandeira;L51;6
Uldurico Junior;L55;30
Uldurico Junior;L56;15
Uldurico Pinto;L53;11
Ulisses Guimarães;L57;4
Ursicino Queiroz;L51;18
Urzeni Rocha;L53;25
Urzeni Rocha;L54;10
Vadinho Baião;L52;10
Vadão Gomes;L51;16
Vadão Gomes;L52;18
Vadão Gomes;L53;12
Vaidon Oliveira;L55;9
Vaidon Oliveira;L56;16
Val Amélio;L55;2
Valadares Filho;L53;20
Valadares Filho;L54;18
Valadares Filho;L55;40
Valdeci Oliveira;L51;12
Valdeci Paiva;L51;24
Valdemar Costa Neto;L51;6
Valdemar Costa Neto;L52;1
Valdemar Costa Neto;L53;3
Valdemar Costa Neto;L54;1
Valdenor Guedes;L52;10
Valdevan Noventa;L56;8
Valdir Colatto;L52;2
Valdir Colatto;L53;25
Valdir Colatto;L54;30
Valdir Colatto;L55;49
Valdir Ganzer;L51;9
Valdivino de Oliveira;L54;19
Valdomiro Meger;L51;5
Valmir Assunção;L54;16
Valmir Assunção;L55;17
Valmir Assunção;L56;10
Valmir Assunção;L57;10
Valmir Prascidelli;L55;23
Valry Morais;L54;2
Valtenir Pereira;L53;26
Valtenir Pereira;L54;55
Valtenir Pereira;L55;72
Valtenir Pereira;L56;23
Vander Loubet;L52;14
Vander Loubet;L53;18
Vander Loubet;L54;16
Vander Loubet;L55;18
Vander Loubet;L56;16
Vander Loubet;L57;10
Vanderlei Assis;L52;26
Vanderlei Macris;L53;26
Vanderlei Macris;L54;32
Vanderlei Macris;L55;26
Vanderlei Macris;L56;13
Vanderlei Siraque;L54;26
Vanessa Grazziotin;L51;25
Vanessa Grazziotin;L52;37
Vanessa Grazziotin;L53;23
Vavá Martins;L56;26
Vaz de Lima;L54;16
Veloso;L53;17
Veneziano Vital do Rêgo;L55;28
Vermelho;L56;22
Vermelho;L57;28
Vic Pires Franco;L51;26
Vic Pires Franco;L52;28
Vic Pires Franco;L53;16
Vicente Arruda;L51;22
Vicente Arruda;L52;25
Vicente Arruda;L53;15
Vicente Arruda;L54;17
Vicente Arruda;L55;7
Vicente Candido;L54;25
Vicente Candido;L55;37
Vicente Caropreso;L51;27
Vicente Cascione;L52;18
Vicente Chelotti;L52;1
Vicente Selistre;L54;3
Vicentinho;L52;11
Vicentinho;L53;18
Vicentinho;L54;19
Vicentinho;L55;21
Vicentinho;L56;15
Vicentinho;L57;14
Vicentinho Alves;L53;20
Vicentinho Júnior;L55;39
Vicentinho Júnior;L56;38
Vicentinho Júnior;L57;22
Victor Mendes;L55;39
Victor Mendes;L56;5
Vieira Reis;L52;15
Vieira da Cunha;L53;21
Vieira da Cunha;L54;29
Vignatti;L52;21
Vignatti;L53;23
Vilalba;L54;16
Vilmar Rocha;L51;25
Vilmar Rocha;L52;32
Vilmar Rocha;L54;4
Vilson Covatti;L53;18
Vilson Covatti;L54;35
Vilson da Fetaemg;L56;24
Vinicius Carvalho;L53;13
Vinicius Carvalho;L55;59
Vinicius Carvalho;L56;31
Vinicius Carvalho;L57;24
Vinicius Farah;L56;26
Vinicius Gurgel;L54;10
Vinicius Gurgel;L55;15
Vinicius Gurgel;L56;11
Vinicius Gurgel;L57;15
Vinicius Poit;L56;30
Virgílio Guimarães;L51;27
Virgílio Guimarães;L52;22
Virgílio Guimarães;L53;21
Vital do Rêgo Filho;L53;34
Vitor Lippi;L55;22
Vitor Lippi;L56;34
Vitor Lippi;L57;20
Vitor Paulo;L54;31
Vitor Paulo;L55;5
Vitor Penido;L53;19
Vitor Penido;L54;25
Vitor Valim;L55;60
Vitorassi;L52;8
Vittorio Medioli;L51;10
Vittorio Medioli;L52;14
Vivaldo Barbosa;L51;10
Vivi Reis;L56;29
Wadih Damous;L55;27
Wadson Ribeiro;L55;23
Wagner Lago;L52;27
Wagner Rossi;L51;14
Wagner Salustiano;L51;18
Waldemar Oliveira;L57;21
Waldemir Moka;L51;19
Waldemir Moka;L52;16
Waldemir Moka;L53;13
Waldenor Pereira;L54;19
Waldenor Pereira;L55;17
Waldenor Pereira;L56;17
Waldenor Pereira;L57;12
Waldir Maranhão;L53;17
Waldir Maranhão;L54;29
Waldir Maranhão;L55;11
Waldir Neves;L53;20
Waldir Pires;L51;16
Waldir Schmidt;L51;7
Walfrido Mares Guia;L51;22
Walney Rocha;L54;28
Walney Rocha;L55;45
Walter Alves;L55;25
Walter Alves;L56;19
Walter Barelli;L52;10
Walter Brito Neto;L53;9
Walter Feldman;L52;21
Walter Feldman;L53;2
Walter Feldman;L54;17
Walter Ihoshi;L53;20
Walter Ihoshi;L54;19
Walter Ihoshi;L55;16
Walter Pinheiro;L51;21
Walter Pinheiro;L52;32
Walter Pinheiro;L53;17
Walter Tosta;L54;13
Wandenkolk Gonçalves;L53;21
Wandenkolk Gonçalves;L54;23
Wanderley Martins;L51;19
Wanderval Santos;L51;23
Wanderval Santos;L52;18
Washington Coração Valente;L55;1
Washington Luiz;L52;9
Washington Luiz;L53;6
Washington Quaquá;L57;13
Washington Reis;L54;20
Washington Reis;L55;17
Wasny de Roure;L52;31
Weliton Prado;L54;32
Weliton Prado;L55;31
Weliton Prado;L56;26
Weliton Prado;L57;26
Wellington Dias;L51;27
Wellington Fagundes;L51;17
Wellington Fagundes;L52;26
Wellington Fagundes;L53;12
Wellington Fagundes;L54;24
Wellington Roberto;L52;25
Wellington Roberto;L53;16
Wellington Roberto;L54;24
Wellington Roberto;L55;58
Wellington Roberto;L56;27
Wellington Roberto;L57;16
Welter;L57;20
Werner Wanderer;L51;21
Weverton Rocha;L54;20
Weverton Rocha;L55;32
Weverton Rocha;L56;1
Wigberto Tartuce;L51;14
William Dib;L54;33
William Woo;L53;38
William Woo;L55;17
Wilson Beserra;L55;15
Wilson Braga;L51;31
Wilson Braga;L53;12
Wilson Cignachi;L51;2
Wilson Cignachi;L52;6
Wilson Filho;L54;46
Wilson Filho;L55;53
Wilson Filho;L56;1
Wilson Picler;L53;7
Wilson Santiago;L52;33
Wilson Santiago;L53;22
Wilson Santiago;L56;32
Wilson Santiago;L57;14
Wilson Santos;L51;26
Wilson Santos;L52;9
Wladimir Costa;L52;17
Wladimir Costa;L53;22
Wladimir Costa;L54;21
Wladimir Costa;L55;21
Wladimir Garotinho;L56;12
Wolmer Araújo;L57;1
Wolney Queiroz;L51;7
Wolney Queiroz;L53;13
Wolney Queiroz;L54;11
Wolney Queiroz;L55;14
Wolney Queiroz;L56;23
Xico Graziano;L51;24
Xico Graziano;L52;6
Xuxu Dal Molin;L55;4
Yandra Moura;L57;31
Yeda Crusius;L51;29
Yeda Crusius;L52;40
Yeda Crusius;L55;12
Yeda Crusius;L56;1
Yury do Paredão;L57;14
Yvonilton Gonçalves;L51;19
Zaire Rezende;L51;11
Zarattini;L52;12
Zeca Cavalcanti;L55;29
Zeca Dirceu;L54;21
Zeca Dirceu;L55;20
Zeca Dirceu;L56;23
Zeca Dirceu;L57;16
Zeca do Pt;L55;9
Zeca do Pt;L56;1
Zelinda Novaes;L52;23
Zenaide Maia;L55;39
Zenaide Maia;L56;1
Zenaldo Coutinho;L51;26
Zenaldo Coutinho;L52;34
Zenaldo Coutinho;L53;14
Zenaldo Coutinho;L54;5
Zequinha Marinho;L52;26
Zequinha Marinho;L53;17
Zequinha Marinho;L54;34
Zezinho Barbary;L57;17
Zezé Perrella;L51;23
Zezéu Ribeiro;L52;27
Zezéu Ribeiro;L53;22
Zezéu Ribeiro;L54;12
Zico Bronzeado;L52;26
Zila Bezerra;L51;37
Zoinho;L54;16
Zonta;L52;19
Zonta;L53;21
Zonta;L54;4
Zucco;L57;32
Zulaiê Cobra;L51;35
Zulaiê Cobra;L52;25
Zé Adriano;L57;4
Zé Augusto Nalin;L55;22
Zé Augusto Nalin;L56;7
Zé Carlos;L55;26
Zé Carlos;L56;21
Zé Geraldo;L52;19
Zé Geraldo;L53;13
Zé Geraldo;L54;17
Zé Geraldo;L55;26
Zé Gerardo;L52;29
Zé Gerardo;L53;9
Zé Gomes da Rocha;L51;10
Zé Haroldo Cathedral;L57;31
Zé Lima;L52;18
Zé Neto;L56;31
Zé Neto;L57;30
Zé Silva;L54;14
Zé Silva;L55;44
Zé Silva;L56;34
Zé Silva;L57;18
Zé Trovão;L57;23
Zé Vieira;L53;4
Zé Vieira;L54;3
Zé Vitor;L56;44
Zé Vitor;L57;30
Zé Índio;L51;21
Álvaro Dias;L52;17
Átila Lins;L51;38
Átila Lins;L52;26
Átila Lins;L53;34
Átila Lins;L54;25
Átila Lins;L55;49
Átila Lins;L56;19
Átila Lins;L57;22
Átila Lira;L51;18
Átila Lira;L52;35
Átila Lira;L53;12
Átila Lira;L54;1
Átila Lira;L55;25
Átila Lira;L56;28
Átila Lira;L57;15
Áurea Carolina;L56;21
Ângelo Agnolin;L54;28
Érico Ribeiro;L52;16
Íris Simões;L51;25
Íris Simões;L52;28
Íris Simões;L53;4
Íris de Araújo;L53;16
Íris de Araújo;L54;19
